Establishment ID,Name,Address 1,Address 2,City,Zip,Inspection Date,Inspection Results,Inspection Type,Owner,Category,Type,Latitude,Longitude,Location
60447,EAT A LAO,1327 ROCKVILLE PIKE,"UNIT I, J, K",ROCKVILLE,20852,09/12/2024,No Critical Violations Noted,Pre-Opening - Environmental,MOO KANA LLC,Restaurant,Food,39.0683,-77.1302,POINT (-77.1302 39.0683)
63688,SAKE JAPANESE STEAKHOUSE,11006 VEIRS MILL RD,,SILVER SPRING,20902,06/25/2024,No Critical Violations Noted,Pre-Opening - Environmental,WHEATON HIBACHI INC,Restaurant,Food,39.0355,-77.052,POINT (-77.052 39.0355)
63696,JAVA FRESH CAFE,"11160 VEIRS MILL RD, SPACE 9242",,SILVER SPRING,20902,06/25/2024,No Critical Violations Noted,Pre-Opening - Environmental,JAFFAR FOODS INC,Market,Food,39.0352,-77.0551,POINT (-77.0551 39.0352)
57214,TOKYO HIBACHI,9615 LOST KNIFE RD,,GAITHERSBURG,20877,06/17/2024,No Critical Violations Noted,Pre-Opening - Environmental,XING RONG INC,Restaurant,Food,39.1528,-77.1965,POINT (-77.1965 39.1528)
57233,KUSSHI JAPANESE RESTAURANT,"36 MARYLAND AVE, UNIT G",,ROCKVILLE,20850,06/14/2024,No Critical Violations Noted,Pre-Opening - Environmental,KUSSHI ROCKVILLE TOWN SQUARE LLC,Restaurant,Food,39.0859,-77.1508,POINT (-77.1508 39.0859)
62658,SAN PANCHO,7056 CARROLL AVE,,TAKOMA PARK,20912,06/13/2024,No Critical Violations Noted,Pre-Opening - Environmental,SAN PANCHO LLC,Restaurant,Food,38.9755,-77.0105,POINT (-77.0105 38.9755)
20891,DUNKIN DONUTS,12168 DARNESTOWN RD.,,GAITHERSBURG,20878,06/11/2024,No Critical Violations Noted,Pre-Opening - Environmental,DMD DARNESTOWN 12168 LLC,Restaurant,Food,39.1168,-77.2526,POINT (-77.2526 39.1168)
18564,OLNEY MILL SWIM CLUB SNACK BAR,3611 BRIARS RD.,,OLNEY,20833,06/10/2024,No Critical Violations Noted,Pre-Opening - Environmental,OLNEY MILL SWIM CLUB,Snack Bar,Food,39.1692,-77.0718,POINT (-77.0718 39.1692)
55062,HAN SPOT,9811 WASHINGTON BLVD,,GAITHERSBURG,20879,06/10/2024,No Critical Violations Noted,Pre-Opening - Environmental,HAN SPOT LLC,Restaurant,Food,39.1192,-77.203,POINT (-77.203 39.1192)
61625,OLNEY BOYS AND GIRLS CLUB,4501 OLNEY LAYTONSVILLE RD,,OLNEY,20832,06/08/2024,No Critical Violations Noted,Pre-Opening - Environmental,ROBERT PERRY/ TASTE INCORPORATED,Seasonal,Food,39.1723,-77.0912,POINT (-77.0912 39.1723)
62635,TJ MAXX # 1435,8661 COLESVILLE RD,,SILVER SPRING,20910,06/05/2024,No Critical Violations Noted,Pre-Opening - Environmental,MARSHALLS OF MA INC,Market,Food,38.9969,-77.0261,POINT (-77.0261 38.9969)
60518,MOBY DICK BURTONSVILLE,15783 OLD COLUBMIA PIKE,,BURTONSVILLE,20866,06/05/2024,No Critical Violations Noted,Pre-Opening - Environmental,MOBY DICK BUTOSVILLE LLC,Restaurant,Food,39.1153,-76.9315,POINT (-76.9315 39.1153)
18504,SUBWAY #22123,19710-B FISHER AVE.,,POOLESVILLE,20837,06/04/2024,No Critical Violations Noted,Pre-Opening - Environmental,"RUDIYA, LLC.",Market,Food,39.1443,-77.4125,POINT (-77.4125 39.1443)
53850,CHEZ DURAN DURAN CAFE,13920 BETHPAGE LANE,,SILVER SPRING,20906,06/03/2024,No Critical Violations Noted,Pre-Opening - Environmental,JENNIFER DURAN/ BPRA SNACK BAR,Seasonal,Food,39.086,-77.0589,POINT (-77.0589 39.086)
17323,BETHESDA C.C. POOL SNACK BAR,7601 BRADLEY BLVD.,,BETHESDA,20817,05/31/2024,No Critical Violations Noted,Pre-Opening - Environmental,BETHESDA COUNTRY CLUB,Snack Bar,Food,39.0131,-77.1527,POINT (-77.1527 39.0131)
500,CHEVY CHASE CLUB,6100 CONNECTICUT AVE,,CHEVY CHASE,20815,05/30/2024,No Critical Violations Noted,Pre-Opening - Environmental,"CHEVY CHASE CLUB, INC.",Restaurant,Food,38.9757,-77.0781,POINT (-77.0781 38.9757)
61613,AUTHENTIC AFRICAN RESTAURANT,13075 WISTERIA DR,,GERMANTOWN,20874,05/29/2024,No Critical Violations Noted,Pre-Opening - Environmental,COMFORT OFORIWAA YIRENKYI,Market,Food,39.1785,-77.2717,POINT (-77.2717 39.1785)
55108,OKAERI JAPANESE CAFE,1701 ROCKVILLE PIKE,STE B1,ROCKVILLE,20852,05/28/2024,No Critical Violations Noted,Pre-Opening - Environmental,OKAERI ROCKVILLE LLC,Restaurant,Food,39.0613,-77.1247,POINT (-77.1247 39.0613)
18556,MOHICAN POOL SNACK BAR,7117 MACARTHUR BLVD.,,BETHESDA,20816,05/24/2024,No Critical Violations Noted,Pre-Opening - Environmental,MOHICAN POOL,Snack Bar,Food,38.96,-77.131,POINT (-77.131 38.96)
48236,THE BEACH TENNIS & POOL EASTGATE,10200 GAINSBOROUGH RD,,POTOMAC,20854,05/24/2024,No Critical Violations Noted,Pre-Opening - Environmental,TENNIS CENTRAL CORP,Market,Food,39.0229,-77.1689,POINT (-77.1689 39.0229)
19251,BAR-T RANCH,6530 OLNEY LAYTONSVILLE RD,,GAITHERSBURG,20882,05/23/2024,No Critical Violations Noted,Pre-Opening - Environmental,BAR-T HOLDING,Snack Bar,Food,39.1982,-77.1338,POINT (-77.1338 39.1982)
17326,CARDEROCK SPRINGS POOL SNACK BAR,8200 HAMILTON SPRING CT.,,BETHESDA,20817,05/22/2024,No Critical Violations Noted,Pre-Opening - Environmental,"CARDEROCK SPRINGS SWIMMING CLUB, INC.",Snack Bar,Food,38.9916,-77.1668,POINT (-77.1668 38.9916)
30074,LIFE CAFE POOLSIDE,10121 WASHINGTONIAN BLVD NORTH,,GAITHERSBURG,20878,05/22/2024,No Critical Violations Noted,Pre-Opening - Environmental,LTF CLUB OPERATIONS COMP INC,Market,Food,39.1204,-77.2045,POINT (-77.2045 39.1204)
60478,BEYOND NUTRITION,11441 GEORGIA AVE,,SILVER SPRING,20902,05/22/2024,No Critical Violations Noted,Pre-Opening - Environmental,ELSY CONTRERAS,Market,Food,39.0429,-77.0516,POINT (-77.0516 39.0429)
17327,CHEVY CHASE REC. POOL SNACK BAR,8922 SPRING VALLEY RD.,,CHEVY CHASE,20815,05/22/2024,No Critical Violations Noted,Pre-Opening - Environmental,MAHMOUD ABUL HAWA,Snack Bar,Food,39.004,-77.0806,POINT (-77.0806 39.004)
28171,SEVEN LOCKS POOL SNACK BAR,9929 SEVEN LOCKS RD,,BETHESDA,20813,05/22/2024,No Critical Violations Noted,Pre-Opening - Environmental,SEVEN LOCKS POOL,Snack Bar,Food,39.0193,-77.1605,POINT (-77.1605 39.0193)
17416,ARGYLE C. C. POOL SNACK BAR,14600 ARGYLE CLUB RD.,,SILVER SPRING,20906,05/21/2024,No Critical Violations Noted,Pre-Opening - Environmental,ARGYLE LAND COMPANY INC,Snack Bar,Food,39.0965,-77.0485,POINT (-77.0485 39.0965)
61621,WORLDSHINE INTERNATIONAL,700 PROFESSIONAL DR,,GAITHERSBURG,20879,05/21/2024,No Critical Violations Noted,Pre-Opening - Environmental,WORLDSHINE INTERNATIONAL LLC,Restaurant,Food,39.1584,-77.2253,POINT (-77.2253 39.1584)
24035,RIVER FALLS SWIM AND TENNIS/RIVER FALLS COMMUNITY,7915 HORSESHOE LN,,POTOMAC,20854,05/21/2024,No Critical Violations Noted,Pre-Opening - Environmental,RIVER FALLS COMMUNITY CENTER,Snack Bar,Food,38.9901,-77.2128,POINT (-77.2128 38.9901)
17341,LAKEWOOD C. C. POOL SNACK BAR,13901 GLEN MILL RD.,,ROCKVILLE,20850,05/21/2024,No Critical Violations Noted,Pre-Opening - Environmental,LAKEWOOD COUNTRY CLUB,Snack Bar,Food,39.083,-77.1944,POINT (-77.1944 39.083)
48133,WATER PARK CONCESSION,512 S.FREDERICK AVE.,,GAITHERSBURG,20877,05/20/2024,No Critical Violations Noted,Pre-Opening - Environmental,CITY OF GAITHERSBURG,Snack Bar,Food,39.1327,-77.1953,POINT (-77.1953 39.1327)
37079,AVENEL COMMUNITY ASSOCIATION,10001 OAKLYN DR.,,POTOMAC,20854,05/20/2024,No Critical Violations Noted,Pre-Opening - Environmental,AVENEL COMMUNITY ASSOCIATION INC,Snack Bar,Food,38.9963,-77.1968,POINT (-77.1968 38.9963)
17339,KEMP MILL SWIM CLUB SNACK BAR,11805 STONINGTON PL.,,SILVER SPRING,20902,05/17/2024,No Critical Violations Noted,Pre-Opening - Environmental,KEMP MILL SWIMMING CLUB INC,Snack Bar,Food,39.0487,-77.0138,POINT (-77.0138 39.0487)
17334,FRANKLIN KNOLLS SWIM CLUB SNACK BAR,820 E. FRANKLIN AVE.,,SILVER SPRING,20901,05/16/2024,No Critical Violations Noted,Pre-Opening - Environmental,FRANKLIN KNOLLS SWIM CLUB,Snack Bar,Food,39.013,-76.9934,POINT (-76.9934 39.013)
18211,MONTGOMERY BLAIR HIGH SCHOOL BASEBALL STADIUM,"51 UNIVERSITY BLVD., E.",,SILVER SPRING,20910,05/16/2024,No Critical Violations Noted,Pre-Opening - Environmental,"MARYLAND COMMUNITY BASEBALL, INC.",Snack Bar,Food,39.0177,-77.0088,POINT (-77.0088 39.0177)
17337,GLENWOOD REC. CLUB POOL SNACK BAR,10012 GARDINER AVE.,,SILVER SPRING,20902,05/16/2024,No Critical Violations Noted,Pre-Opening - Environmental,GLENWOOD RECREATION CLUB,Snack Bar,Food,39.0191,-77.052,POINT (-77.052 39.0191)
60386,DUMPLING FOR LIFE,"7101 DEMOCRACY BLVD, FL10",,BETHESDA,20817,05/15/2024,No Critical Violations Noted,Pre-Opening - Environmental,JKC GROUP LLC,Restaurant,Food,39.0243,-77.146,POINT (-77.146 39.0243)
17340,KENTLANDS SNACK BAR,485 TSCHIFFELY SQUARE RD.,,GAITHERSBURG,20878,05/15/2024,No Critical Violations Noted,Pre-Opening - Environmental,KENTLANDS CITIZENS ASSEMBLY,Snack Bar,Food,39.1232,-77.2439,POINT (-77.2439 39.1232)
19245,TWINBROOK SWIMMING POOL SNACK BAR,13027 ATLANTIC AVE,,ROCKVIILE,20851,05/15/2024,No Critical Violations Noted,Pre-Opening - Environmental,TWINBROOK SWIMMING POOL INC.,Snack Bar,Food,39.0728,-77.1143,POINT (-77.1143 39.0728)
39749,SUN DEVIL GRILL SNACK BAR,10055 GLEN RD.,,POTOMAC,20854,05/15/2024,No Critical Violations Noted,Pre-Opening - Environmental,SUN DEVILL GRILL & SNACK BAR,Snack Bar,Food,39.0481,-77.2078,POINT (-77.2078 39.0481)
22572,ELDWICK SWIM & TENNIS CLUB SNACK BAR,11130 BROAD GREEN DR.,,POTOMAC,20854,05/15/2024,No Critical Violations Noted,Pre-Opening - Environmental,ELDWICK HOME OWNERS ASSOCIATION,Snack Bar,Food,39.0401,-77.2034,POINT (-77.2034 39.0401)
17419,FOREST KNOLLS POOL SNACK BAR,11105 FOXGLOVE LA.,,SILVER SPRING,20901,05/14/2024,No Critical Violations Noted,Pre-Opening - Environmental,"FOREST KNOLLS POOL, INC.",Snack Bar,Food,39.0367,-77.0118,POINT (-77.0118 39.0367)
17356,DAMASCUS REC. POOL SNACK BAR,25730 WOODFIELD RD.,,DAMASCUS,20872,05/14/2024,No Critical Violations Noted,Pre-Opening - Environmental,DAMASCUS RECREATION ASSOC.,Snack Bar,Food,39.2805,-77.2056,POINT (-77.2056 39.2805)
17318,NEW MARK COMMONS POOL SNACK BAR,607 TEGNER WAY,,ROCKVILLE,20850,05/14/2024,No Critical Violations Noted,Pre-Opening - Environmental,ABARIS REALTY,Snack Bar,Food,39.0746,-77.1574,POINT (-77.1574 39.0746)
17329,CONGRESSIONAL CC POOL SNACK BAR,8500 RIVER RD.,,BETHESDA,20817,05/10/2024,Critical Violations Corrected,Pre-Opening - Environmental,CONGRESSIONAL COUNTRY CLUB INC.,Snack Bar,Food,38.9962,-77.1765,POINT (-77.1765 38.9962)
61554,ROCHAMBEAU THE FRENCH INTERNATONAL SCHOOL,9650 ROCKVILLE PIKE,,BETHESDA,20814,05/10/2024,No Critical Violations Noted,Pre-Opening - Environmental,ROCHAMBEAU THE FRENCH INTERNATIONAL SCHOOL,Caterer,Food,39.0142,-77.101,POINT (-77.101 39.0142)
17332,EDGEMOOR CLUB POOL SNACK BAR,7415 EXETER RD.,,BETHESDA,20814,05/09/2024,Critical Violations Corrected,Pre-Opening - Environmental,EDGEMOOR CLUB,Snack Bar,Food,38.9837,-77.1026,POINT (-77.1026 38.9837)
17772,LAKELANDS POOL SNACK BAR,960 MAIN ST.,,GAITHERSBURG,20878,05/08/2024,No Critical Violations Noted,Pre-Opening - Environmental,LAKELANDS COMM ASSOC,Snack Bar,Food,39.1181,-77.2319,POINT (-77.2319 39.1181)
60514,POTOMAC COOKIE COMPANY,109A MARKET ST,,GAITHERSBURG,20878,05/06/2024,No Critical Violations Noted,Pre-Opening - Environmental,ESTHER ST DANIELS AND ADEDAMOLA ST DANIELS,Market,Food,39.1227,-77.2352,POINT (-77.2352 39.1227)
61538,BANNER'S HALLMARK #863,21030 FREDERICK RD,,GERMANTOWN,20876,05/02/2024,No Critical Violations Noted,Pre-Opening - Environmental,BANNER'S OF KENTLANDS LLC,Market,Food,39.0233,-77.1486,POINT (-77.1486 39.0233)
61539,CHOCOLATE MOONSHINE OF MARYLAND,7101 DEMOCRACY BLVD,STE 2104,BETHESDA,20817,05/02/2024,No Critical Violations Noted,Pre-Opening - Environmental,GREAT LIFE DISTRIBUTORS INC,Market,Food,39.0243,-77.146,POINT (-77.146 39.0243)
60494,LOCALLY CRAFTED,9 GRAND CORNER AVE,,GAITHERSBURG,20878,05/01/2024,No Critical Violations Noted,Pre-Opening - Environmental,LOCALLY CRAFTED LLC,Market,Food,39.1171,-77.199,POINT (-77.199 39.1171)
61531,SOLAIRE SOCIAL(BAR & BOH),8200 DIXON AVE,,SILVER SPRING,20910,04/29/2024,No Critical Violations Noted,Pre-Opening - Environmental,SOLAIRE SOCIAL,Market,Food,38.9921,-77.0284,POINT (-77.0284 38.9921)
747,BOWL AMERICA GAITHERSBURG,1101 CLOPPER RD.,,GAITHERSBURG,20878,04/25/2024,No Critical Violations Noted,Pre-Opening - Environmental,"BOWL AMERICA, INC.",Restaurant,Food,39.1476,-77.2294,POINT (-77.2294 39.1476)
17361,NORBECK COUNTRY CLUB POOL SNACK BAR,17200 CASHELL RD.,,ROCKVILLE,20853,04/24/2024,No Critical Violations Noted,Pre-Opening - Environmental,NORBECK COUNTRY CLUB,Snack Bar,Food,39.1372,-77.0955,POINT (-77.0955 39.1372)
60482,SMOKE ISLAND,11230 GEORGIA AVE,,SILVER SPRING,20902,04/22/2024,Critical Violations Corrected,Pre-Opening - Environmental,SMOKE ISLAND INC,Market,Food,39.0396,-77.0516,POINT (-77.0516 39.0396)
60534,BANNER'S HALLMARK #28,1663 ROCKVILLE PIKE,,ROCKVILLE,20852,04/19/2024,No Critical Violations Noted,Pre-Opening - Environmental,BANNERS OF CONGRESSIONAL LLC,Market,Food,39.0619,-77.1269,POINT (-77.1269 39.0619)
61537,BANNER'S HALLMARK #16,227 KENTLANDS BLVD,,GAITHERSBURG,20878,04/17/2024,No Critical Violations Noted,Pre-Opening - Environmental,BANNER'S OF KENTLANDS LLC,Market,Food,39.0233,-77.1486,POINT (-77.1486 39.0233)
26864,JERRY'S SUBS AND PIZZA,13645 CONNECTICUT AVE,,SILVER SPRING,20906,04/17/2024,No Critical Violations Noted,Pre-Opening - Environmental,JERRY'S ASPEN HILL LLC,Restaurant,Food,39.0784,-77.0807,POINT (-77.0807 39.0784)
60423,NO REGRETS PIZZA COMPANY,5454 NICHOLSON LANE,#180,ROCKVILLE,20852,04/16/2024,No Critical Violations Noted,Pre-Opening - Environmental,RICHARD WEINER,Restaurant,Food,39.0448,-77.1083,POINT (-77.1083 39.0448)
20892,DUNKIN DONUTS,865-A ROCKVILLE PIKE,,ROCKVILLE,20852,04/11/2024,No Critical Violations Noted,Pre-Opening - Environmental,DMD ROCKVILLE - 865 LLC,Market,Food,39.0752,-77.1378,POINT (-77.1378 39.0752)
22756,MASA HIBACHI STEAKHOUSE & SUSHI,921 ELLSWORTH DR.,UNIT J,SILVER SPRING,20910,04/10/2024,No Critical Violations Noted,Pre-Opening - Environmental,DIANG LIN,Restaurant,Food,38.9963,-77.0264,POINT (-77.0264 38.9963)
60477,DUNKIN',9761B TRAVILLE GATEWAY DRIVE,,ROCKVILLE,20850,04/10/2024,No Critical Violations Noted,Pre-Opening - Environmental,TRAVILLE DONUTS LLC,Market,Food,39.0928,-77.2028,POINT (-77.2028 39.0928)
60379,HOLY CROSS HEALTH HOSPITAL (ANU SUSHI),1500 FOREST GLEN RD,,SILVER SPRING,20910,04/08/2024,No Critical Violations Noted,Pre-Opening - Environmental,ANU SUSHI LLC,Restaurant,Food,39.0147,-77.0354,POINT (-77.0354 39.0147)
60502,THE COMUS INN,23900 OLD HUNDRED ROAD,,DICKERSON,20842,04/04/2024,Critical Violations Corrected,Pre-Opening - Environmental,10 RULES LLC,Restaurant,Food,39.2475,-77.35,POINT (-77.35 39.2475)
53868,YU NOODLE CAFE,387 EAST GUDE DR,,ROCKVILLE,20850,04/03/2024,No Critical Violations Noted,Pre-Opening - Environmental,YU NOODLES ROCKVILLE LLC,Restaurant,Food,39.1058,-77.1488,POINT (-77.1488 39.1058)
59359,COOKWITHNK,7621 RICKENBACKER DR,#600A,GAITHERSBURG,20879,03/28/2024,No Critical Violations Noted,Pre-Opening - Environmental,MANMEET KOHIL/COOKWITHNK,Caterer,Food,39.1748,-77.1588,POINT (-77.1588 39.1748)
46948,AND SHAWARMA,15918 SHADY GROVE RD,,GAITHERSBURG,20877,03/28/2024,No Critical Violations Noted,Pre-Opening - Environmental,UNIFIED RESTAURANT,Restaurant,Food,39.118,-77.1839,POINT (-77.1839 39.118)
41294,WENDY'S #6562,12114 DARNESTOWN RD,,GAITHERSBURG,20878,03/28/2024,No Critical Violations Noted,Pre-Opening - Environmental,WEND CENTRAL MARYLAND LLC,Restaurant,Food,39.1167,-77.2512,POINT (-77.2512 39.1167)
60480,TRINITY PACE GAITHERSBURG,200 PERRY PARKWAY,STE 1,GAITHERSBURG,20877,03/26/2024,No Critical Violations Noted,Pre-Opening - Environmental,TRINITY HEALTH,Non-Profit,Food,39.1412,-77.21,POINT (-77.21 39.1412)
17569,STARBUCKS COFFEE #07821,14941 SHADY GROVE RD.,,ROCKVILLE,20850,03/25/2024,No Critical Violations Noted,Pre-Opening - Environmental,STARBUCKS CORP LICENSE SERVICE,Restaurant,Food,39.098,-77.1926,POINT (-77.1926 39.098)
53979,PETER CHANG,637 N FREDERICK AVE,,GAITHERSBURG,20879,03/25/2024,No Critical Violations Noted,Pre-Opening - Environmental,HC & CHANG HOUSE LLC,Restaurant,Food,39.155,-77.2143,POINT (-77.2143 39.155)
33172,FIRE STATION 1 RESTAURANT,8131 GEORGIA AVE,,SILVER SPRING,20910,03/24/2024,Critical Violations Corrected,Pre-Opening - Environmental,FS1SSMD LLC,Restaurant,Food,38.9915,-77.0261,POINT (-77.0261 38.9915)
27468,WEGMANS,20600 SENECA MEADOWS PKWY,,GERMANTOWN,20876,03/21/2024,No Critical Violations Noted,Pre-Opening - Environmental,"WEGMANS FOOD MARKETS, INC. C/O PAUL MARRA",Market,Food,39.1995,-77.2565,POINT (-77.2565 39.1995)
8397,MCDONALD'S #5909,12044 CHERRY HILL RD.,,SILVER SPRING,20904,03/20/2024,Critical Violations Corrected,Pre-Opening - Environmental,MCDONALD CORPORATION,Carry Out,Food,39.0536,-76.9542,POINT (-76.9542 39.0536)
53838,HEALTH PACK MEALS,340 MAIN STREET,,GAITHERSBURG,20878,03/20/2024,No Critical Violations Noted,Pre-Opening - Environmental,LEVON MELIKSETYAN,Restaurant,Food,39.1215,-77.2377,POINT (-77.2377 39.1215)
59291,THE CLARKS LODGE,12011 SNOWDEN FARM PKWY,,CLARKSBURG,20871,03/19/2024,No Critical Violations Noted,Pre-Opening - Environmental,MS GRILL INC,Restaurant,Food,39.2289,-77.2504,POINT (-77.2504 39.2289)
60457,ISKCON OF DC,10310 OAKLYN DR,,POTOMAC,20854,03/19/2024,No Critical Violations Noted,Pre-Opening - Environmental,ISKCON OF DC,Non-Profit,Food,39.0027,-77.2138,POINT (-77.2138 39.0027)
1264,ISKCON CHURCH,10310 OAKLYN RD.,,POTOMAC,20854,03/19/2024,No Critical Violations Noted,Pre-Opening - Environmental,ISKCON OF D. C. INC.,Restaurant,Food,39.0026,-77.2132,POINT (-77.2132 39.0026)
60469,INREACH - SODEXO NORAM HEADQUARTERS,915 MEETING STREET,,ROCKVILLE,20852,03/18/2024,No Critical Violations Noted,Pre-Opening - Environmental,IN REACH,Market,Food,39.0507,-77.1158,POINT (-77.1158 39.0507)
60464,INREACH - CHOICE HOTEL HQ,915 MEETING STREET,STE 600,ROCKVILLE,20852,03/18/2024,No Critical Violations Noted,Pre-Opening - Environmental,INREACH,Market,Food,39.0507,-77.1158,POINT (-77.1158 39.0507)
59315,SODEXO NORTH AMERICA CORP HQ,915 MEETING STREET  14 &15FL,,ROCKVILLE,20852,03/18/2024,No Critical Violations Noted,Pre-Opening - Environmental,SODEXO OPERATIONS LLC,Restaurant,Food,39.0507,-77.1158,POINT (-77.1158 39.0507)
756,DOLLAR & MORE - GAITHERSBURG,229 MUDDY BRANCH RD.,,GAITHERSBURG,20878,03/15/2024,No Critical Violations Noted,Pre-Opening - Environmental,DOLLAR & MORE INC,Market,Food,39.1277,-77.2059,POINT (-77.2059 39.1277)
60532,BANNER'S HALLMARK #1821,18217 VILLAGE CENTER DR,,OLNEY,20832,03/13/2024,No Critical Violations Noted,Pre-Opening - Environmental,BANNERS OF OLNEY LLC,Market,Food,39.1546,-77.0632,POINT (-77.0632 39.1546)
30483,CHICK-FIL-A,19945 CENTURY BLVD,,GERMANTOWN,20874,03/11/2024,No Critical Violations Noted,Pre-Opening - Environmental,SPARROW LLC,Restaurant,Food,39.1825,-77.2611,POINT (-77.2611 39.1825)
59358,KW BEER & WINE INC,8513 PINEY BRANCH RD,,SILVER SPRING,20901,03/11/2024,No Critical Violations Noted,Pre-Opening - Environmental,KW BEER & WINE INC,Market,Food,38.998,-77.003,POINT (-77.003 38.998)
35693,BURGER KING,15421 NEW HAMPSHIRE AVE,,SILVER SPRING,20905,03/07/2024,No Critical Violations Noted,Pre-Opening - Environmental,POTOMAC FOODS GROUP,Restaurant,Food,39.1095,-76.9965,POINT (-76.9965 39.1095)
39560,HOLA BEER AND WINE DELI,8035-H SNOUFFER SCHOOL RD,,GAITHERSBURG,20879,03/06/2024,No Critical Violations Noted,Pre-Opening - Environmental,GNS TRADING COMPANY LLC,Market,Food,39.1611,-77.1629,POINT (-77.1629 39.1611)
58263,T.J. MAXX,15709 OLD COLUMBIA PIKE,,BURTONSVILLE,20866,03/06/2024,No Critical Violations Noted,Pre-Opening - Environmental,THE TJX COMPANIES INC,Market,Food,39.1136,-76.9311,POINT (-76.9311 39.1136)
58266,THE MARKET AT DEERE VALLEY FARM,22919 DICKERSON RD,,DICKERSON,20842,03/06/2024,No Critical Violations Noted,Pre-Opening - Environmental,THE BAKER FAMILY CORPORATION,Market,Food,39.2313,-77.427,POINT (-77.427 39.2313)
58290,HAAGEN DAZS,1615 ROCKVILLE PIKE,,ROCKVILLE,20852,03/04/2024,No Critical Violations Noted,Pre-Opening - Environmental,ROCKVILLE CREAMS LLC,Market,Food,39.0631,-77.1274,POINT (-77.1274 39.0631)
59375,TEQUILA MODERN MEXICAN ROCKVILLE,11 N WASHINGTON ST,,ROCKVILLE,20850,02/29/2024,No Critical Violations Noted,Pre-Opening - Environmental,JOSE SOLIS,Restaurant,Food,39.0856,-77.1533,POINT (-77.1533 39.0856)
32865,CHICK-FIL-A,12289 TECH RD,,SILVER SPRING,20904,02/29/2024,No Critical Violations Noted,Pre-Opening - Environmental,TWG HOSPITALITY LLC,Restaurant,Food,39.1218,-76.9669,POINT (-76.9669 39.1218)
60424,OUTBACK STEAKHOUSE,8661 COLESVILLE RD,,SILVER SPRING,20910,02/27/2024,No Critical Violations Noted,Pre-Opening - Environmental,OUTBACK OF SILVER SPRING INC,Restaurant,Food,38.9961,-77.0261,POINT (-77.0261 38.9961)
60393,NOTHING BUNDT CAKE,20650 SENECA MEADOW PKWY,,GERMANTOWN,20876,02/27/2024,No Critical Violations Noted,Pre-Opening - Environmental,VERELYN GIBBS WATSON,Market,Food,39.1993,-77.2545,POINT (-77.2545 39.1993)
59337,CIELO DORADO BAKERY & DELI,13881 OUTLET DR,STE B,SILVER SPRING,20904,02/22/2024,No Critical Violations Noted,Pre-Opening - Environmental,CIELO DOREDO BAKERY LLC,Restaurant,Food,39.0835,-76.9453,POINT (-76.9453 39.0835)
58282,FENTON CITGO,8333 FENTON ST,,SILVER SPRING,20910,02/22/2024,No Critical Violations Noted,Pre-Opening - Environmental,NANI B SHRESTHA,Market,Food,38.9941,-77.0238,POINT (-77.0238 38.9941)
60387,AKWAABA RESTAURANT,10212 NEW HAMPSHIRE AVE,,SILVER SPRING,20903,02/21/2024,No Critical Violations Noted,Pre-Opening - Environmental,FRANCIS ADDAI,Restaurant,Food,39.023,-76.9785,POINT (-76.9785 39.023)
57253,WAWA #8536,405 S FREDERICK AVE,,GAITHERSBURG,20877,02/16/2024,No Critical Violations Noted,Pre-Opening - Environmental,WAWA INC,Market,Food,39.1366,-77.1922,POINT (-77.1922 39.1366)
59293,FIREHOUSE SUB,11160 VEIRS MILL RD,FC 8,SILVER SPRING,20902,02/16/2024,No Critical Violations Noted,Pre-Opening - Environmental,FHS OF WHEATON INC,Restaurant,Food,39.0352,-77.0551,POINT (-77.0551 39.0352)
59361,OSAKA RAMEN & SUSHI,12146 DARNESTOWN RD,,GAITHERSBURG,20878,02/14/2024,No Critical Violations Noted,Pre-Opening - Environmental,OSAKA RAMEN & SUSHI,Restaurant,Food,39.1167,-77.252,POINT (-77.252 39.1167)
59374,SARAH'S HANDMADE ICE-CREAM,14929 SHADY GROVE RD,# I,ROCKVILLE,20850,02/14/2024,No Critical Violations Noted,Pre-Opening - Environmental,SOHEE PARK,Market,Food,39.0971,-77.1919,POINT (-77.1919 39.0971)
32865,CHICK-FIL-A,12289 TECH RD,,SILVER SPRING,20904,02/14/2024,No Critical Violations Noted,Pre-Opening - Environmental,TWG HOSPITALITY LLC,Restaurant,Food,39.1218,-76.9669,POINT (-76.9669 39.1218)
48161,JAVA NATION - SILVER SPRING,"1010 WAYNE AVE, SUITE 120 & 151",(RETAIL 1 & 2),SILVER SPRING,20910,02/12/2024,No Critical Violations Noted,Pre-Opening - Environmental,JN SILVER SPRING INC,Market,Food,38.994,-77.0277,POINT (-77.0277 38.994)
59335,EQUATORIAL FOOD MARKET,220 GIRARD ST,STE B,GAITHERSBURG,20877,02/09/2024,No Critical Violations Noted,Pre-Opening - Environmental,FOYET WENDEU EMILE,Market,Food,39.142,-77.1835,POINT (-77.1835 39.142)
59342,DIG,4733 ELM ST,,BETHESDA,20814,02/07/2024,No Critical Violations Noted,Pre-Opening - Environmental,DIG BETHESDA LLC,Restaurant,Food,38.9826,-77.0956,POINT (-77.0956 38.9826)
59331,KHARIS LAVENDER FIELDS,20910 MERLE DR,,GAITHERSBURG,20882,02/06/2024,No Critical Violations Noted,Pre-Opening - Environmental,CLAUDIA TSAS/ KHARIS LAVENDER FIELDS,Market,Food,39.2003,-77.1564,POINT (-77.1564 39.2003)
53876,VILLAGE CORNER DELI,11419 GRANDVIEW AVE,,SILVER SPRING,20902,01/31/2024,No Critical Violations Noted,Pre-Opening - Environmental,MARIZA LUJAN,Market,Food,39.0421,-77.053,POINT (-77.053 39.0421)
58268,PIZZA FORNO,8750 GEORGIA AVE,,SILVER SPRING,20910,01/30/2024,No Critical Violations Noted,Pre-Opening - Environmental,LYONS DEN LLC,Market,Food,38.9985,-77.0313,POINT (-77.0313 38.9985)
59299,MONSTER TEA & PIKE BAKERY,1066 ROCKVILLE PIKE,,ROCKVILLE,20852,01/29/2024,No Critical Violations Noted,Pre-Opening - Environmental,JJS DESSERTS INC,Market,Food,39.0725,-77.1325,POINT (-77.1325 39.0725)
57218,PUPUSERIA MANA,6842 NEW HAMPSHIRE AVE,,TAKOMA PARK,20912,01/26/2024,No Critical Violations Noted,Pre-Opening - Environmental,PUPUSERIA MANA LLC,Restaurant,Food,38.9749,-76.9956,POINT (-76.9956 38.9749)
59303,24/7 TOBACCO & GROCERY,11244 GEORGIA AVE,,SILVER SPRING,20902,01/25/2024,No Critical Violations Noted,Pre-Opening - Environmental,24/7 TOBACCO & GROCERY,Market,Food,39.0399,77.0516,POINT (77.0516 39.0399)
58270,RANGOON RUBY,1066 ROCKVILLE PIKE,,ROCKVILLE,20852,01/12/2024,No Critical Violations Noted,Pre-Opening - Environmental,S&T SUSHI CORP,Restaurant,Food,39.0722,-77.1325,POINT (-77.1325 39.0722)
56174,AVENTINO / AP PIZZA SHOP,4747 BETHESDA AVE,,BETHESDA,20814,01/12/2024,No Critical Violations Noted,Pre-Opening - Environmental,NO PLACE LIKE ROME LLC,Restaurant,Food,38.9814,-77.0946,POINT (-77.0946 38.9814)
56158,ALA - BETHESDA,4948 FAIRMONT AVE,,BETHESDA,20814,01/12/2024,No Critical Violations Noted,Pre-Opening - Environmental,4948 FAIRMONT LLC,Restaurant,Food,38.9876,-77.0973,POINT (-77.0973 38.9876)
56192,MOBIL GAS STATION,890 ROCKVILLE PIKE,,ROCKVILLE,20852,01/10/2024,No Critical Violations Noted,Pre-Opening - Environmental,ROCKVILLE SERVICES INC,Market,Food,39.0752,-77.1356,POINT (-77.1356 39.0752)
58286,DMV EMPANADAS,12115-12117 NEBEL ST,,ROCKVILLE,20852,01/10/2024,No Critical Violations Noted,Pre-Opening - Environmental,MARCO ALMARAZ / DMV EMPANADAS LLC,Restaurant,Food,39.0516,-77.1089,POINT (-77.1089 39.0516)
58273,CIELO ROJO,7211 CARROLL AVE,,TAKOMA PARK,20912,01/02/2024,No Critical Violations Noted,Pre-Opening - Environmental,SHILOH RESTAURANT GROUP LLC,Restaurant,Food,38.9778,-77.0069,POINT (-77.0069 38.9778)
56188,GIANT FOOD #2313,5320 ZENITH OVERLOOK,,BETHESDA,20816,12/29/2023,No Critical Violations Noted,Pre-Opening - Environmental,GIANT OF MARYLAND LLC,Market,Food,38.9639,-77.1074,POINT (-77.1074 38.9639)
58259,WOODLIN ELEMENTARY SCHOOL,2101 LUZERNE AVE,,SILVER SPRING,20910,12/29/2023,No Critical Violations Noted,Pre-Opening - Environmental,MONTGOMERY COUNTY PUBLIC SCHOOLS,Public School- Elementary,Food,39.0066,-77.047,POINT (-77.047 39.0066)
57242,FOUR CORNER LITTLE STORE,12623 WISTERIA DR,STE B,GERMANTOWN,20874,12/21/2023,No Critical Violations Noted,Pre-Opening - Environmental,MARIA ANDREA MEJIA GUEVARA,Market,Food,39.1719,-77.2611,POINT (-77.2611 39.1719)
60424,OUTBACK STEAKHOUSE,8661 COLESVILLE RD,,SILVER SPRING,20910,12/21/2023,No Critical Violations Noted,Pre-Opening - Environmental,OUTBACK OF SILVER SPRING INC,Restaurant,Food,38.9961,-77.0261,POINT (-77.0261 38.9961)
26556,QIAGEN - GERMANTOWN GUCKENHEIMER,19300 GERMANTOWN RD,,GERMANTOWN,20874,12/21/2023,No Critical Violations Noted,Pre-Opening - Environmental,GUCKENHEIMER - TAX DEPARTMENT,Restaurant,Food,39.1734,-77.2777,POINT (-77.2777 39.1734)
56188,GIANT FOOD #2313,5320 ZENITH OVERLOOK,,BETHESDA,20816,12/20/2023,No Critical Violations Noted,Pre-Opening - Environmental,GIANT OF MARYLAND LLC,Market,Food,38.9639,-77.1074,POINT (-77.1074 38.9639)
53999,HISSHO SUSHI @ GIANT FOOD # 2313,5310 ZENITH OVERLOOK,,BETHESDA,20816,12/20/2023,No Critical Violations Noted,Pre-Opening - Environmental,LWIN FAMILY COMPANY LLC,Market,Food,38.9639,-77.1074,POINT (-77.1074 38.9639)
56188,GIANT FOOD #2313,5320 ZENITH OVERLOOK,,BETHESDA,20816,12/20/2023,No Critical Violations Noted,Pre-Opening - Environmental,GIANT OF MARYLAND LLC,Market,Food,38.9639,-77.1074,POINT (-77.1074 38.9639)
31843,SOUTH COUNTY REGIONAL RECREATION & AQUATIC CENTER,1315 APPLE AVE,,SILVER SPRING,20910,12/19/2023,No Critical Violations Noted,Pre-Opening - Environmental,MONTGOMERY COUNTY DEPT OF RECREATION,Market,Food,38.9961,-77.0333,POINT (-77.0333 38.9961)
29176,CASEY COMMUNITY CENTER,810 S. FREDERICK AVE,,GAITHERSBURG,20877,12/11/2023,No Critical Violations Noted,Pre-Opening - Environmental,CITY OF GAITHERSBURG,Restaurant,Food,39.1241,-77.1816,POINT (-77.1816 39.1241)
57236,MOBY DICK NORTH BETHESDA,11431-A ROCKVILLE PIKE,,ROCKVILLE,20852,12/06/2023,No Critical Violations Noted,Pre-Opening - Environmental,MOBY DICK NORTH BETHESDA LLC,Restaurant,Food,39.0445,-77.1106,POINT (-77.1106 39.0445)
57230,TEAS ME BUBBLE TEA,5017 WILSON LANE,,BETHESDA,20814,12/04/2023,No Critical Violations Noted,Pre-Opening - Environmental,HAI CAO,Restaurant,Food,38.9877,-77.0994,POINT (-77.0994 38.9877)
53841,KAT'S KITCHEN & COMPANY,12854 NEW HAMPSHIRE AVE,,SILVER SPRING,20904,11/29/2023,No Critical Violations Noted,Pre-Opening - Environmental,KATHERINE ROGERS,Restaurant,Food,39.0663,-77.0014,POINT (-77.0014 39.0663)
57235,IVELA SPORTS LOUNGE LLC,949 BONIFANT ST,STE A,SILVER SPRING,20910,11/29/2023,No Critical Violations Noted,Pre-Opening - Environmental,KALEB TADELE,Restaurant,Food,38.9941,-77.0257,POINT (-77.0257 38.9941)
54012,LE MACARON FRENCH PASTRIES,7 GRAND CORNER AVE,,GAITHERSBURG,20878,11/28/2023,No Critical Violations Noted,Pre-Opening - Environmental,KEMP CAFE LLC,Restaurant,Food,39.1184,-77.201,POINT (-77.201 39.1184)
57231,DOLLAR TREE #09355,11560A ROCKVILLE PIKE,,ROCKVILLE,20852,11/28/2023,No Critical Violations Noted,Pre-Opening - Environmental,DOLLAR TREE STORES INC,Market,Food,39.0465,-77.1132,POINT (-77.1132 39.0465)
56154,ROOTED 3,4916 CORDELL AVE,,BETHESDA,20814,11/27/2023,No Critical Violations Noted,Pre-Opening - Environmental,ROOT STRENGTH LLC,Restaurant,Food,38.9889,-77.0982,POINT (-77.0982 38.9889)
56172,DONUTCHEW,7101 DEMOCRACY BLVD,#2154,BETHESDA,20817,11/22/2023,No Critical Violations Noted,Pre-Opening - Environmental,DLK MONTGOMERY LLC,Market,Food,39.0243,-77.146,POINT (-77.146 39.0243)
57228,EUROPEAN MARKET,17617 REDLAND RD,,DERWOOD,20855,11/22/2023,No Critical Violations Noted,Pre-Opening - Environmental,EDNILSON MENDES,Market,Food,39.1446,-77.1442,POINT (-77.1442 39.1446)
55133,SPROUTS FARMER'S MARKET,15793 OLD COLUMBIA PIKE,,BURTONSVILLE,20866,11/15/2023,No Critical Violations Noted,Pre-Opening - Environmental,SF MARKETS LLC,Restaurant,Food,39.1163,-76.9212,POINT (-76.9212 39.1163)
55123,DON JUAN MERCADO LATINO,11222 TRIANGLE LANE,,SILVER SPRING,20902,11/14/2023,No Critical Violations Noted,Pre-Opening - Environmental,JUAN JOSE HERNENDEZ & ISMEL LACKELINE MEZA,Restaurant,Food,39.0392,-77.0516,POINT (-77.0516 39.0392)
55130,MUOI TIEU,7006 CARROLL AVE. STE A,,TAKOMA PARK,20912,11/13/2023,No Critical Violations Noted,Pre-Opening - Environmental,THUY-TU TRAN,Restaurant,Food,38.975,-77.0122,POINT (-77.0122 38.975)
20241,SEE'S CANDIES HOLIDAY GIFT CENTER,7101 DEMOCRACY BLVD,,BETHESDA,20817,11/09/2023,No Critical Violations Noted,Pre-Opening - Environmental,"SEE'S CANDIES, INC",Seasonal,Food,39.0233,-77.1486,POINT (-77.1486 39.0233)
51532,FRESH BAGUETTE,19548 AMARANTH DR,,GERMANTOWN,20874,11/08/2023,No Critical Violations Noted,Pre-Opening - Environmental,FRESH BAGUETTE HOLDINGS,Market,Food,39.1772,-77.2519,POINT (-77.2519 39.1772)
55043,ADELINE & MIMI LLC,7845-D AIRPARK RD,,GAITHERSBURG,20879,11/06/2023,No Critical Violations Noted,Pre-Opening - Environmental,ADELINE & MIMI LLC,Caterer,Food,39.1748,-77.1589,POINT (-77.1589 39.1748)
56170,THE GROVE RESTAURANT,7747 TUCKERMAN LANE,,POTOMAC,20854,11/02/2023,No Critical Violations Noted,Pre-Opening - Environmental,AUGIES POTOMAC LLC / THE GROVE RESTAURANT,Restaurant,Food,39.0408,-77.1553,POINT (-77.1553 39.0408)
17084,SAINT MARK PRESBYTERIAN CHURCH,10701 OLD GEORGETOWN RD.,,ROCKVILLE,20852,11/02/2023,No Critical Violations Noted,Pre-Opening - Environmental,SAINT MARK PRESBYTERIAN CHURCH,Non-Profit,Food,39.0315,-77.1254,POINT (-77.1254 39.0315)
56173,MORNING MY DAY,1305 FENWICK LANE,,SILVER SPRING,20910,10/30/2023,No Critical Violations Noted,Pre-Opening - Environmental,WENTING XUE,Restaurant,Food,38.9983,-77.0312,POINT (-77.0312 38.9983)
56186,POKE BROS,107 MARKET ST,,GAITHERSBURG,20878,10/23/2023,No Critical Violations Noted,Pre-Opening - Environmental,POKE BROS KENTLAND LLC,Market,Food,39.1228,-77.2352,POINT (-77.2352 39.1228)
51461,CVS/PHARMACY #11406,311 KENTLANDS BLVD,,GAITHERSBURG,20878,10/23/2023,No Critical Violations Noted,Pre-Opening - Environmental,MARYLAND CVS PHARMACY LLC,Market,Food,39.1237,-77.2372,POINT (-77.2372 39.1237)
55142,AKIRA RAMEN AND IZAKAYA GAITHERSBURG,105 PARAMOUNT PARK DR,,GAITHERSBURG,20879,10/20/2023,No Critical Violations Noted,Pre-Opening - Environmental,AKIRA GAI INC,Restaurant,Food,39.1595,-77.2218,POINT (-77.2218 39.1595)
41242,BUFFALO WILD WINGS #761,668 CLOPPER RD,,GAITHERSBURG,20878,10/20/2023,No Critical Violations Noted,Pre-Opening - Environmental,"BWW LEX PARK, LLC",Restaurant,Food,39.1425,-77.2219,POINT (-77.2219 39.1425)
55089,CHUCK E CHEESE #531,5238 NICHOLSON LANE,,KENSINGTON,20895,10/19/2023,No Critical Violations Noted,Pre-Opening - Environmental,CEC ENTERTAINMENT LLC,Restaurant,Food,39.0435,-77.1064,POINT (-77.1064 39.0435)
55133,SPROUTS FARMER'S MARKET,15793 OLD COLUMBIA PIKE,,BURTONSVILLE,20866,10/16/2023,No Critical Violations Noted,Pre-Opening - Environmental,SF MARKETS LLC,Restaurant,Food,39.1163,-76.9212,POINT (-76.9212 39.1163)
56161,KOMA,8006 FLOWER AVE,,TAKOMA PARK,20912,10/16/2023,Facility Closed,Pre-Opening - Environmental,BRAD FEICKERT,Market,Food,38.9892,-77.0015,POINT (-77.0015 38.9892)
56215,OUMI SUSHI @ SPROUTS #921,15793 OLD COLUMBIA PIKE,,BURTONSVILLE,20866,10/16/2023,No Critical Violations Noted,Pre-Opening - Environmental,LWIN FAMILY COMPANY LLC,Restaurant,Food,39.1152,-76.932,POINT (-76.932 39.1152)
54023,TOUS LES JOURS,13069 WISTERIA DR,,GERMANTOWN,20874,10/13/2023,No Critical Violations Noted,Pre-Opening - Environmental,ZEROJIP INC,Market,Food,39.1787,-77.2713,POINT (-77.2713 39.1787)
55085,PINES OF ROME EXPRESS,121-B CONGRESSINAL LANE,STE 105,ROCKVILLE,20852,10/13/2023,No Critical Violations Noted,Pre-Opening - Environmental,,Restaurant,Food,39.0637,-77.128,POINT (-77.128 39.0637)
55118,TACOS WAY SILVER SPRING,8777-B FIRST AVE,,SILVER SPRING,20910,10/12/2023,No Critical Violations Noted,Pre-Opening - Environmental,TWSS1 LLC,Restaurant,Food,38.9984,-77.0323,POINT (-77.0323 38.9984)
55110,CVS PHARMACY #10894,8005 GRAMERCY BLVD,STE 180,DERWOOD,20855,10/12/2023,No Critical Violations Noted,Pre-Opening - Environmental,MARYLAND CVS PHARMACY LLC,Market,Food,39.1239,-77.1652,POINT (-77.1652 39.1239)
56180,MIMI'S HANDMADE ICE CREAM,12274 E ROCKVILLE PIKE,,ROCKVILLE,20852,10/05/2023,No Critical Violations Noted,Pre-Opening - Environmental,HANDMADE ICE CREAM FEDERAL PLAZA LLC,Market,Food,39.0573,-77.1233,POINT (-77.1233 39.0573)
55102,SWEET ELLA'S BROWNIE COMPANY,6301 RIVER RD,,BETHESDA,20817,10/02/2023,No Critical Violations Noted,Pre-Opening - Environmental,SWEET ELLA'S BROWNIE COMPANY,Restaurant,Food,38.9769,-77.1265,POINT (-77.1265 38.9769)
55124,CHIP CITY,4939 ELM STREET,,BETHESDA,20814,09/29/2023,No Critical Violations Noted,Pre-Opening - Environmental,PPTG HOLDINGS LLC,Restaurant,Food,38.9825,-77.0977,POINT (-77.0977 38.9825)
54004,ICE CREAM CITY AND MORE,8478 PINEY BRANCH RD,,SILVER SPRING,20901,09/26/2023,No Critical Violations Noted,Pre-Opening - Environmental,ICE CEAM CITY AND MOE LLC,Market,Food,38.9987,-77.0044,POINT (-77.0044 38.9987)
54033,DISTRICT BISTRO AND FRANKS BURGER,11230 GRANDVIEW AVE,,SILVER SPRING,20902,09/26/2023,No Critical Violations Noted,Pre-Opening - Environmental,SIMPLE FOOD GROUP LLC/PEDRO MATAMOROS,Restaurant,Food,39.0393,-77.0528,POINT (-77.0528 39.0393)
53926,LA CARRETA GROCERY,18749 N FREDERICK RD,UNIT I & J,GAITHERSBURG,20879,09/25/2023,No Critical Violations Noted,Pre-Opening - Environmental,TU SUPER GROCERY 1 LLC,Market,Food,39.164,-77.2259,POINT (-77.2259 39.164)
33177,BASSETT'S RESTAURANT,19950 FISHER AVE,,POOLESVILLE,20837,09/18/2023,Facility Closed,Pre-Opening - Environmental,ALL FLAVORS INC,Restaurant,Food,39.1459,-77.4169,POINT (-77.4169 39.1459)
53989,PIKE EL DIAMANTE,4906 ST. ELMO AVE,,BETHESDA,20814,09/18/2023,No Critical Violations Noted,Pre-Opening - Environmental,S AND S FOOD LLC,Restaurant,Food,38.9887,-77.0974,POINT (-77.0974 38.9887)
55092,LIGAYAS FILIPINO FOOD,11406-C GEORGIA AVE,,SILVER SPRING,20902,09/13/2023,No Critical Violations Noted,Pre-Opening - Environmental,LIGAYAS LLC,Restaurant,Food,39.0421,-77.0528,POINT (-77.0528 39.0421)
52571,CHARLEYS PHILLY STEAKS,13617 CONNECTICUT AVE,,SILVER SPRING,20906,09/13/2023,No Critical Violations Noted,Pre-Opening - Environmental,H & H ASPEN HILL LLC,Restaurant,Food,39.078,-77.0798,POINT (-77.0798 39.078)
260,BETHESDA COUNTRY CLUB,7601 BRADLEY BLVD.,,BETHESDA,20817,09/13/2023,No Critical Violations Noted,Pre-Opening - Environmental,"BETHESDA COUNTRY CLUB, INC.",Restaurant,Food,39.0131,-77.1527,POINT (-77.1527 39.0131)
53953,RED RIBBON BAKESHOP,2501 UNIVERSITY BLVD W,,SILVER SPRING,20902,09/12/2023,No Critical Violations Noted,Pre-Opening - Environmental,RED RIBBON BAKESHOP INC,Market,Food,39.0418,-77.0521,POINT (-77.0521 39.0418)
55053,UP COUNTY EARLY CHILDHOOD CENTER@EMORY GROVE CTR,18100 WASHINGTON GROVE LANE,,GAITHERSBURG,20877,09/12/2023,No Critical Violations Noted,Pre-Opening - Environmental,MONTGOMERY COUNTY PUBLIC SCHOOLS,Public School- Elementary,Food,39.1524,-77.1648,POINT (-77.1648 39.1524)
55045,WHELAN'S BEER AND WINE,9812 FALLS RD,#106,POTOMAC,20854,09/07/2023,No Critical Violations Noted,Pre-Opening - Environmental,WHELANS LLC,Market,Food,39.0172,-77.2106,POINT (-77.2106 39.0172)
54024,MARGARITA BAR & GRILL,19201 FREDERICK AVE,,GERMANTOWN,20876,09/06/2023,No Critical Violations Noted,Pre-Opening - Environmental,JB BAR AND GRILL,Restaurant,Food,39.1705,-77.2347,POINT (-77.2347 39.1705)
55080,NAZ'S HALAL FOOD,7671 NEW HAMPSHIRE AVE,,TAKOMA PARK,20912,09/06/2023,No Critical Violations Noted,Pre-Opening - Environmental,NAZ HALA TP LLC,Market,Food,38.9879,-76.9873,POINT (-76.9873 38.9879)
55055,THE HEIGHTS,5406 WISCONSIN AVE,STE A,CHEVY CHASE,20815,08/31/2023,No Critical Violations Noted,Pre-Opening - Environmental,THE HEIGHTS MD LLC,Restaurant,Food,38.9616,-77.0863,POINT (-77.0863 38.9616)
55082,SILKY GEM,332 MAIN ST,STE 100,GAITHERSBURG,20878,08/29/2023,No Critical Violations Noted,Pre-Opening - Environmental,SILKY GEM LLC,Market,Food,39.1218,-77.2378,POINT (-77.2378 39.1218)
54026,CHOPIN NOODLE HOUSE,12123 DARNESTOWN RD,,GAITHERSBURG,20878,08/29/2023,No Critical Violations Noted,Pre-Opening - Environmental,QIANG SONG,Restaurant,Food,39.118,-77.2506,POINT (-77.2506 39.118)
55084,WASHINGTON SIKH CENTER,7500 WARFIELD RD,,GAITHERSBURG,20882,08/29/2023,No Critical Violations Noted,Pre-Opening - Environmental,WASHINGTON SIKH CENTER,Non-Profit,Food,39.1946,-77.1539,POINT (-77.1539 39.1946)
55054,CHARLEY'S PHILLY STEAKS AND WINGS,20910 FREDERICK RD,,GERMANTOWN,20876,08/28/2023,No Critical Violations Noted,Pre-Opening - Environmental,OUR FIRST PHILLY INC,Restaurant,Food,39.1989,-77.2526,POINT (-77.2526 39.1989)
54010,CVS PHARMACY #11452,3820 CHAPLIN PLACE,STE 102,CHEVY CHASE,20815,08/25/2023,No Critical Violations Noted,Pre-Opening - Environmental,MARYLAND CVS PHARMACY LLC,Market,Food,38.9956,-77.0767,POINT (-77.0767 38.9956)
2673,WILLIAM T. PAGE ELEMENTARY,13400 TAMARACK RD.,,SILVER SPRING,20904,08/24/2023,No Critical Violations Noted,Pre-Opening - Environmental,MONTGOMERY COUNTY PUBLIC SCHOOLS,Public School- Elementary,Food,39.0748,-76.9837,POINT (-76.9837 39.0748)
55054,CHARLEY'S PHILLY STEAKS AND WINGS,20910 FREDERICK RD,,GERMANTOWN,20876,08/24/2023,No Critical Violations Noted,Pre-Opening - Environmental,OUR FIRST PHILLY INC,Restaurant,Food,39.1989,-77.2526,POINT (-77.2526 39.1989)
55060,ANDY'S PIZZA,4600 EAST WEST HWY,,BETHESDA,20814,08/24/2023,No Critical Violations Noted,Pre-Opening - Environmental,ANDYS PIZZA EAST WEST LLC,Restaurant,Food,38.9868,-77.9845,POINT (-77.9845 38.9868)
386,BURNT MILLS ELEMENTARY,11211 CHILDS ST.,,SILVER SPRING,20901,08/23/2023,No Critical Violations Noted,Pre-Opening - Environmental,MONTGOMERY COUNTY PUBLIC SCHOOLS,Public School- Elementary,Food,39.0394,-77.0013,POINT (-77.0013 39.0394)
55044,WISEGUY PIZZA,11160 VEIRS MILL RD,,SILVER SPRING,20902,08/21/2023,No Critical Violations Noted,Pre-Opening - Environmental,WISEGUY WHEATON LLC,Restaurant,Food,39.037,-77.0548,POINT (-77.0548 39.037)
35777,THE WOODS ACADEMY,6801 GREENTREE RD,,BETHESDA,20817,08/21/2023,No Critical Violations Noted,Pre-Opening - Environmental,OUR LADY OF THE WOODS CORP,Private School,Food,39.0086,-77.1383,POINT (-77.1383 39.0086)
2974,NORTHWEST HIGH SCHOOL,13501 RICHTER FARM RD.,,GERMANTOWN,20874,08/17/2023,No Critical Violations Noted,Pre-Opening - Environmental,MONTGOMERY COUNTY PUBLIC SCHOOLS,Public School- High,Food,39.1515,-77.2794,POINT (-77.2794 39.1515)
1669,MONOCACY ELEMENTARY,18801 BARNESVILLE RD.,,DICKERSON,20842,08/17/2023,No Critical Violations Noted,Pre-Opening - Environmental,MONTGOMERY COUNTY PUBLIC SCHOOLS,Public School- Elementary,Food,39.2245,-77.3927,POINT (-77.3927 39.2245)
5694,NORTHWEST HIGH SCHOOL CONCESSION STANDS,13501 RICHTER FARM RD.,,GERMANTOWN,20874,08/17/2023,No Critical Violations Noted,Pre-Opening - Environmental,NORTHWEST HIGH SCHOOL BOOSTER CLUB,Carry Out,Food,39.1497,-77.2798,POINT (-77.2798 39.1497)
53946,SHEETZ,751 PROGRESS WAY,,GAITHERSBURG,20879,08/16/2023,No Critical Violations Noted,Pre-Opening - Environmental,SHEETZ INC,Market,Food,39.1542,-77.2154,POINT (-77.2154 39.1542)
53826,PIZZA HUT,10100 COLESVILLE RD,,SILVER SPRING,20901,08/16/2023,No Critical Violations Noted,Pre-Opening - Environmental,LUIS IBARGUENGOYTIA/ CHAAC PIZZA NORTHEAST LLC,Restaurant,Food,39.0207,-77.0129,POINT (-77.0129 39.0207)
53740,AROMA LOUNGE,948 SLIGO AVE,,SILVER SPRING,20910,08/14/2023,No Critical Violations Noted,Pre-Opening - Environmental,ALEMAYEHU AKALU,Restaurant,Food,38.99,-77.0256,POINT (-77.0256 38.99)
53770,L.I.B FLAVORS,2341 DISTRIBUTION CIR,,SILVER SPRING,20916,08/11/2023,No Critical Violations Noted,Pre-Opening - Environmental,L.I.B FLAVORS LLC,Caterer,Food,39.007,-77.0496,POINT (-77.0496 39.007)
53944,MING'S CHINESE RESTAURANT,800 PLEASANT DR,#120,ROCKVILLE,20850,08/09/2023,No Critical Violations Noted,Pre-Opening - Environmental,WANG'S FAMILY LLC,Restaurant,Food,39.1136,-77.1711,POINT (-77.1711 39.1136)
50314,FIVE BELOW #8144,11160 VEIRS MILL RD,,SILVER SPRING,20902,08/07/2023,No Critical Violations Noted,Pre-Opening - Environmental,FIVE BELOW INC,Market,Food,39.037,-77.0548,POINT (-77.0548 39.037)
54002,MEGAMART,33 DALAMAR ST,,GAITHERSBURG,20877,08/03/2023,No Critical Violations Noted,Pre-Opening - Environmental,FOR MY CHILDREN INC,Market,Food,39.1457,-77.2053,POINT (-77.2053 39.1457)
51532,FRESH BAGUETTE,19548 AMARANTH DR,,GERMANTOWN,20874,08/02/2023,No Critical Violations Noted,Pre-Opening - Environmental,FRESH BAGUETTE HOLDINGS,Market,Food,39.1772,-77.2519,POINT (-77.2519 39.1772)
53957,GOLDS GYM DC METRO GERMANTOWN,13060 MIDDLEBROOK RD,,GERMANTOWN,20874,07/24/2023,Critical Violations Corrected,Pre-Opening - Environmental,CFJ HOLDINGS LLC DBA GBG LLC,Market,Food,39.1816,-77.2717,POINT (-77.2717 39.1816)
53853,REN LLC,7845 AIRPARK RD,,GAITHERSBURG,20879,07/21/2023,No Critical Violations Noted,Pre-Opening - Environmental,REN LLC,Caterer,Food,39.1708,-77.1607,POINT (-77.1607 39.1708)
53758,BARRA BRAVA CEVICHERIA PERUANA,"15420 OLD COLUMBIA PIKE, UNIT B",,BURTONSVILLE,20866,07/21/2023,No Critical Violations Noted,Pre-Opening - Environmental,JOHAN REYES,Restaurant,Food,39.1094,-76.9366,POINT (-76.9366 39.1094)
53973,STARBUCK COFFEE CO #70455,1316 EAST WEST HWY,,SILVER SPRING,20910,07/18/2023,No Critical Violations Noted,Pre-Opening - Environmental,STARBUCKS CORPORATION,Market,Food,38.993,-77.0321,POINT (-77.0321 38.993)
53759,HELLO VIETNAM RESTAURANT,2200 VEIRS MILL RD,,ROCKVILLE,20851,07/12/2023,No Critical Violations Noted,Pre-Opening - Environmental,LUC VAN PHAM / VIETFOOD LLC,Restaurant,Food,39.0758,-77.115,POINT (-77.115 39.0758)
53945,UNCORKED,8525 CHEVY CHASE LAKE TERRACE,,CHEVY CHASE,20815,07/07/2023,No Critical Violations Noted,Pre-Opening - Environmental,THE CHASE LLC,Market,Food,38.996,-77.0758,POINT (-77.0758 38.996)
53924,A & A CATERING DMV LLC,7845-D AIRPARK RD,,GAITHERSBURG,20879,07/06/2023,No Critical Violations Noted,Pre-Opening - Environmental,A & A CATERING DMV LLC,Caterer,Food,39.1708,-77.1607,POINT (-77.1607 39.1708)
53955,LA TABLE DU CHATEAU,7845 AIRPARK RD,STE E,GAITHERSBURG,20879,07/06/2023,No Critical Violations Noted,Pre-Opening - Environmental,MAX ZELENKOV / LE TRUCK LLC,Market,Food,39.1708,-77.1666,POINT (-77.1666 39.1708)
53917,ONELIFE FITNESS OLNEY,17821 GEORGIA AVE,,OLNEY,20832,07/03/2023,No Critical Violations Noted,Pre-Opening - Environmental,USF S&H MARYLAND LLC,Market,Food,39.1496,-77.0649,POINT (-77.0649 39.1496)
53856,JAPONG BAKERY,"765 ROCKVILLE PIKE, STE A& B",,ROCKVILLE,20852,07/03/2023,No Critical Violations Noted,Pre-Opening - Environmental,CHUN-HUNG SU/JAPONG LLC,Market,Food,39.0777,-77.1417,POINT (-77.1417 39.0777)
53842,DALIA'S FALAFEL,7750 OLD GEORGETOWN RD,,BETHESDA,20814,06/30/2023,No Critical Violations Noted,Pre-Opening - Environmental,CRAZYBANGINDELICIOUS TACOS,Restaurant,Food,38.9867,-77.0981,POINT (-77.0981 38.9867)
18564,OLNEY MILL SWIM CLUB SNACK BAR,3611 BRIARS RD.,,OLNEY,20833,06/29/2023,No Critical Violations Noted,Pre-Opening - Environmental,OLNEY MILL SWIM CLUB,Snack Bar,Food,39.1692,-77.0718,POINT (-77.0718 39.1692)
53753,OLNEY WINERY,52 OLNEY- SANDY SPRING RD,,ASHTON,20861,06/28/2023,No Critical Violations Noted,Pre-Opening - Environmental,FRONT PORCH MICRO WINERY,Restaurant,Food,39.1491,-77.0136,POINT (-77.0136 39.1491)
53741,THE SALT LINE BETHESDA,4900 HAMPDEN LANE,,BETHESDA,20814,06/23/2023,No Critical Violations Noted,Pre-Opening - Environmental,TSL BETHESDA LLC,Restaurant,Food,38.9825,-77.0965,POINT (-77.0965 38.9825)
53779,AWDAMET MARKET,8202 GEORGIA AVE,,SILVER SPRING,20910,06/23/2023,No Critical Violations Noted,Pre-Opening - Environmental,SISTERS MARKET LLC,Market,Food,38.992,-77.0273,POINT (-77.0273 38.992)
50281,KEMA BY KENAKI,11325 SEVEN LOCKS RD,UNIT 115,POTOMAC,20854,06/22/2023,No Critical Violations Noted,Pre-Opening - Environmental,KENAKI CABIN JOHN LLC,Restaurant,Food,39.0421,-77.1579,POINT (-77.1579 39.0421)
53804,CROSSVINES RESTAURANT,16601 W WILLARD RD,,POOLESVILLE,20837,06/21/2023,No Critical Violations Noted,Pre-Opening - Environmental,COMPASS GROUP USA INC DBA RESTURANT ASSOCIATES LLC,Restaurant,Food,39.124,-77.4203,POINT (-77.4203 39.124)
53890,NEW GRAND MART FOOD COURT,13069 WISTERIA DR,,GERMANTOWN,20874,06/21/2023,No Critical Violations Noted,Pre-Opening - Environmental,GREEN PARADISE GERMANTOWN INC,Restaurant,Food,39.1787,-77.2714,POINT (-77.2714 39.1787)
48249,CHARLEYS CHEESESTEAKS WINGS,19877 CENTURY BLVD,,GERMANTOWN,20874,06/21/2023,No Critical Violations Noted,Pre-Opening - Environmental,H & H GERMANTOWN LLC,Restaurant,Food,39.1826,-77.2639,POINT (-77.2639 39.1826)
53900,NEALS BAGELS,113 COMMERCE SQUARE PLACE,,GAITHERSBURG,20878,06/15/2023,No Critical Violations Noted,Pre-Opening - Environmental,NEILS BAGELS 2 LLC,Market,Food,39.1227,-77.2344,POINT (-77.2344 39.1227)
51453,KANTUTAS RESTAURANT BAR & GRILL,"2400 UNIVERSITY BLVD, UNIT 1",,SILVER SPRING,20902,06/15/2023,No Critical Violations Noted,Pre-Opening - Environmental,KANTUTAS RESTAURANT INC,Restaurant,Food,39.0414,-77.0506,POINT (-77.0506 39.0414)
53912,BAKED POTATO HOUSE,"22705 CLARKSBURG RD, UNIT 922",,CLARKSBURG,20871,06/15/2023,No Critical Violations Noted,Pre-Opening - Environmental,BAKED POTATO HOUSE LLC,Restaurant,Food,39.2286,-77.2873,POINT (-77.2873 39.2286)
53870,THE CHARMERY,"8551 CONNECTICUT AVE , STE B202",,CHEVY CHASE,20815,06/14/2023,No Critical Violations Noted,Pre-Opening - Environmental,THE CHARMERY CHEVY CHASE LAKE LLC,Restaurant,Food,38.9961,-77.077,POINT (-77.077 38.9961)
53907,WAGSHAL'S GRAND BODEGA,6124 MACARTHUR BLVD,,BETHESDA,20816,06/14/2023,No Critical Violations Noted,Pre-Opening - Environmental,WAGSHAL'S MARKET LLC,Restaurant,Food,38.9437,-77.1162,POINT (-77.1162 38.9437)
51553,COLONY GRILL,11325 SEVEN LOCKS RD,SUITE 8,POTOMAC,20854,06/13/2023,No Critical Violations Noted,Pre-Opening - Environmental,COLONY GRILL DEVELOPMENT LLC,Restaurant,Food,39.0412,-77.1593,POINT (-77.1593 39.0412)
53802,JASMINE MANAGEMENT,19851 CENTURY BLVD,,GERMANTOWN,20874,06/12/2023,No Critical Violations Noted,Pre-Opening - Environmental,JASMINE MANAGEMENT INC,Restaurant,Food,39.182,-77.2648,POINT (-77.2648 39.182)
18211,MONTGOMERY BLAIR HIGH SCHOOL BASEBALL STADIUM,"51 UNIVERSITY BLVD., E.",,SILVER SPRING,20910,06/06/2023,No Critical Violations Noted,Pre-Opening - Environmental,"MARYLAND COMMUNITY BASEBALL, INC.",Snack Bar,Food,39.0177,-77.0088,POINT (-77.0088 39.0177)
53796,SMOOTHIE KING #1732,"18151 VILLAGE CENTER DR, #28",,OLNEY,20832,06/06/2023,No Critical Violations Noted,Pre-Opening - Environmental,GILLY ARIE,Market,Food,39.1539,-77.0633,POINT (-77.0633 39.1539)
52677,BABY BAR,375 MAIN ST,,GAITHERSBURG,20878,06/06/2023,No Critical Violations Noted,Pre-Opening - Environmental,BABY BAR,Market,Food,39.1209,-77.2374,POINT (-77.2374 39.1209)
53886,BENTO EXPRESS,10123 COLESVILLE RD,UNIT 9B,SILVER SPRING,20901,06/05/2023,No Critical Violations Noted,Pre-Opening - Environmental,BENTO EXPRESS MD INC,Restaurant,Food,39.0206,-77.0118,POINT (-77.0118 39.0206)
53836,DUNKIN DONUTS,20000 GOSHEN RD,,GAITHERSBURG,20879,06/01/2023,No Critical Violations Noted,Pre-Opening - Environmental,GOSHEN DONUTS LLC,Market,Food,39.1858,-77.1891,POINT (-77.1891 39.1858)
53722,CHICKEN BASKET,30 N SUMMIT AVE,,GAITHERSBURG,20877,06/01/2023,No Critical Violations Noted,Pre-Opening - Environmental,KHALIL DUBBANEH,Restaurant,Food,39.1434,-77.1933,POINT (-77.1933 39.1434)
17839,NORTHWEST BRANCH SWIM CLUB,10850 LOCKWOOD DR.,,SILVER SPRING,20904,05/31/2023,No Critical Violations Noted,Pre-Opening - Environmental,NORTHWEST BRANCH RECREATION INC,Snack Bar,Food,39.0343,-77.0005,POINT (-77.0005 39.0343)
17419,FOREST KNOLLS POOL SNACK BAR,11105 FOXGLOVE LA.,,SILVER SPRING,20901,05/30/2023,No Critical Violations Noted,Pre-Opening - Environmental,"FOREST KNOLLS POOL, INC.",Snack Bar,Food,39.0367,-77.0118,POINT (-77.0118 39.0367)
17329,CONGRESSIONAL CC POOL SNACK BAR,8500 RIVER RD.,,BETHESDA,20817,05/26/2023,No Critical Violations Noted,Pre-Opening - Environmental,CONGRESSIONAL COUNTRY CLUB INC.,Snack Bar,Food,38.9962,-77.1765,POINT (-77.1765 38.9962)
53822,NEW GRAND MART,13069 WISTERIA DR,,GERMANTOWN,20874,05/25/2023,No Critical Violations Noted,Pre-Opening - Environmental,GREEN PARADISE GERMANTOWN INC,Market,Food,39.1787,-77.2714,POINT (-77.2714 39.1787)
28171,SEVEN LOCKS POOL SNACK BAR,9929 SEVEN LOCKS RD,,BETHESDA,20813,05/25/2023,No Critical Violations Noted,Pre-Opening - Environmental,SEVEN LOCKS POOL,Snack Bar,Food,39.0193,-77.1605,POINT (-77.1605 39.0193)
17341,LAKEWOOD C. C. POOL SNACK BAR,13901 GLEN MILL RD.,,ROCKVILLE,20850,05/24/2023,No Critical Violations Noted,Pre-Opening - Environmental,LAKEWOOD COUNTRY CLUB,Snack Bar,Food,39.083,-77.1944,POINT (-77.1944 39.083)
17332,EDGEMOOR CLUB POOL SNACK BAR,7415 EXETER RD.,,BETHESDA,20814,05/24/2023,No Critical Violations Noted,Pre-Opening - Environmental,EDGEMOOR CLUB,Snack Bar,Food,38.9837,-77.1026,POINT (-77.1026 38.9837)
17380,MILL CREEK TOWNE SWIM POOL SNACK BAR,7285 MILL RUN DR.,,DERWOOD,20855,05/24/2023,No Critical Violations Noted,Pre-Opening - Environmental,MILL CREEK TOWNE SWIM CLUB,Snack Bar,Food,39.1455,-77.1489,POINT (-77.1489 39.1455)
37079,AVENEL COMMUNITY ASSOCIATION,10001 OAKLYN DR.,,POTOMAC,20854,05/23/2023,No Critical Violations Noted,Pre-Opening - Environmental,AVENEL COMMUNITY ASSOCIATION INC,Snack Bar,Food,38.9963,-77.1968,POINT (-77.1968 38.9963)
17323,BETHESDA C.C. POOL SNACK BAR,7601 BRADLEY BLVD.,,BETHESDA,20817,05/23/2023,No Critical Violations Noted,Pre-Opening - Environmental,BETHESDA COUNTRY CLUB,Snack Bar,Food,39.0131,-77.1527,POINT (-77.1527 39.0131)
53844,TANTERRA SWIM CLUB POOL SNACK BAR,18605 TANTERRA WAY,,BROOKEVILLE,20833,05/23/2023,No Critical Violations Noted,Pre-Opening - Environmental,DELICHEF LLC,Snack Bar,Food,39.1621,-77.0657,POINT (-77.0657 39.1621)
17343,MANOR WOODS SWIM CLUB SNACK BAR,14410 BAUER DR.,,ROCKVILLE,20853,05/19/2023,No Critical Violations Noted,Pre-Opening - Environmental,MANOR WOODS SWIM CLUB,Snack Bar,Food,39.0904,-77.1015,POINT (-77.1015 39.0904)
53861,MISS TOYA'S SOUTHERN KITCHEN,225 BOARDWALK PLACE,,GAITHERSBURG,20878,05/19/2023,No Critical Violations Noted,Pre-Opening - Environmental,JEFFEARY MISKIRI,Restaurant,Food,39.1165,-77.198,POINT (-77.198 39.1165)
17363,MANOR COUNTRY C. POOL SNACK BAR,14901 CARROLTON RD.,,ROCKVILLE,20853,05/19/2023,No Critical Violations Noted,Pre-Opening - Environmental,MANOR COUNTRY CLUB,Snack Bar,Food,39.103,-77.0849,POINT (-77.0849 39.103)
19245,TWINBROOK SWIMMING POOL SNACK BAR,13027 ATLANTIC AVE,,ROCKVIILE,20851,05/18/2023,No Critical Violations Noted,Pre-Opening - Environmental,TWINBROOK SWIMMING POOL INC.,Snack Bar,Food,39.0728,-77.1143,POINT (-77.1143 39.0728)
27406,WILDWOOD MANOR SWIMMING POOL ASSOCIATION,10235 HATHERLEIGH DR,,BETHESDA,20814,05/18/2023,No Critical Violations Noted,Pre-Opening - Environmental,WILDWOOD MANOR,Snack Bar,Food,39.0249,-77.1162,POINT (-77.1162 39.0249)
21277,CARDEROCK SPRINGS ELEM. SCHOOL,7401 PERSIMMON TREE LANE,,BETHESDA,20817,05/18/2023,No Critical Violations Noted,Pre-Opening - Environmental,MONTGOMERY COUNTY PUBLIC SCHOOLS,Public School- Elementary,Food,38.9829,-77.1717,POINT (-77.1717 38.9829)
17364,KENWOOD GOLF & C. C. POOL SNACK BAR,5601 RIVER RD.,,BETHESDA,20816,05/16/2023,No Critical Violations Noted,Pre-Opening - Environmental,"KENWOOD GOLF & COUNTRY CLUB, INC.",Snack Bar,Food,38.9743,-77.1132,POINT (-77.1132 38.9743)
17772,LAKELANDS POOL SNACK BAR,960 MAIN ST.,,GAITHERSBURG,20878,05/16/2023,No Critical Violations Noted,Pre-Opening - Environmental,LAKELANDS COMM ASSOC,Snack Bar,Food,39.1181,-77.2319,POINT (-77.2319 39.1181)
18942,REGENCY ESTATES SWIM CLUB SNACK BAR,11511 GAINSBOROUGH RD,,POTOMAC,20854,05/15/2023,No Critical Violations Noted,Pre-Opening - Environmental,REGENCY ESTATES SWIM CLUB,Snack Bar,Food,39.0459,-77.1659,POINT (-77.1659 39.0459)
24035,RIVER FALLS SWIM AND TENNIS/RIVER FALLS COMMUNITY,7915 HORSESHOE LN,,POTOMAC,20854,05/15/2023,No Critical Violations Noted,Pre-Opening - Environmental,RIVER FALLS COMMUNITY CENTER,Snack Bar,Food,38.9901,-77.2128,POINT (-77.2128 38.9901)
53756,SALT AND VINE,3308 OLNEY SANDY SPRING RD,,OLNEY,20832,05/15/2023,No Critical Violations Noted,Pre-Opening - Environmental,THE OLNEY HOUSE LLC,Restaurant,Food,39.1524,-77.0661,POINT (-77.0661 39.1524)
17327,CHEVY CHASE REC. POOL SNACK BAR,8922 SPRING VALLEY RD.,,CHEVY CHASE,20815,05/15/2023,No Critical Violations Noted,Pre-Opening - Environmental,MAHMOUD ABUL HAWA,Snack Bar,Food,39.004,-77.0806,POINT (-77.0806 39.004)
53831,LAWSON STREET GROUP,8367 SNOUFFER SCHOOL RD,,GERMANTOWN,20876,05/15/2023,No Critical Violations Noted,Pre-Opening - Environmental,DANIELLE ROZIER,Caterer,Food,39.1672,-77.1712,POINT (-77.1712 39.1672)
17345,CONCESSION TREATS @ RMSC,355 MARTINS LN.,,ROCKVILLE,20850,05/12/2023,No Critical Violations Noted,Pre-Opening - Environmental,STEVE CARR,Snack Bar,Food,39.0909,-77.1605,POINT (-77.1605 39.0909)
52667,VARIEDADES MAGANAS,11248 TRIANGLE LANE,,SILVER SPRING,20902,05/11/2023,No Critical Violations Noted,Pre-Opening - Environmental,NORA E MAGGNA/VARIEDADES MAGANAS LLC,Market,Food,39.04,-77.0518,POINT (-77.0518 39.04)
53792,NAZ'S HALAL FOOD,13025 WISTERIA DR,,GERMANTOWN,20874,05/10/2023,Critical Violations Corrected,Pre-Opening - Environmental,NAZ'S HALAL FOOD MS LLC,Market,Food,39.1792,-77.2708,POINT (-77.2708 39.1792)
39749,SUN DEVIL GRILL SNACK BAR,10055 GLEN RD.,,POTOMAC,20854,05/10/2023,No Critical Violations Noted,Pre-Opening - Environmental,SUN DEVILL GRILL & SNACK BAR,Snack Bar,Food,39.0481,-77.2078,POINT (-77.2078 39.0481)
30505,CEDARBROOK CLUB,10150 CEDAR LANE,,KENSINGTON,20895,05/09/2023,No Critical Violations Noted,Pre-Opening - Environmental,CEDARBROOK CLUB,Snack Bar,Food,39.0234,-77.0821,POINT (-77.0821 39.0234)
17361,NORBECK COUNTRY CLUB POOL SNACK BAR,17200 CASHELL RD.,,ROCKVILLE,20853,05/09/2023,Critical Violations Corrected,Pre-Opening - Environmental,NORBECK COUNTRY CLUB,Snack Bar,Food,39.1372,-77.0955,POINT (-77.0955 39.1372)
52686,PERI PERI ORIGINAL & KALLISTO STEAKHOUSE,13436 NEW HAMPSHIRE AVE,,SILVER SPRING,20904,05/09/2023,No Critical Violations Noted,Pre-Opening - Environmental,NATUMATIC INC,Restaurant,Food,39.0774,-77.0033,POINT (-77.0033 39.0774)
17340,KENTLANDS SNACK BAR,485 TSCHIFFELY SQUARE RD.,,GAITHERSBURG,20878,05/09/2023,No Critical Violations Noted,Pre-Opening - Environmental,KENTLANDS CITIZENS ASSEMBLY,Snack Bar,Food,39.1232,-77.2439,POINT (-77.2439 39.1232)
53743,CHICKEN ON THE RUN,4933 ST. ELMO AVE.,,BETHESDA,20814,05/08/2023,No Critical Violations Noted,Pre-Opening - Environmental,VIGIL GROUP LLC,Restaurant,Food,38.988,-77.0986,POINT (-77.0986 38.988)
43381,EGE MARKET,4923 ST ELMO AVE,,BETHESDA,20814,05/08/2023,No Critical Violations Noted,Pre-Opening - Environmental,ELCIN YASA,Market,Food,38.9887,-77.0982,POINT (-77.0982 38.9887)
52628,MOTORKAT,6939 LAUREL AVE,,TAKOMA PARK,20912,05/08/2023,No Critical Violations Noted,Pre-Opening - Environmental,CHRISTOPHER BROWN,Restaurant,Food,38.9747,-77.0119,POINT (-77.0119 38.9747)
17318,NEW MARK COMMONS POOL SNACK BAR,607 TEGNER WAY,,ROCKVILLE,20850,05/05/2023,No Critical Violations Noted,Pre-Opening - Environmental,ABARIS REALTY,Snack Bar,Food,39.0746,-77.1574,POINT (-77.1574 39.0746)
53797,KOREAN AMERICAN SENIOR CITIZENS ASSOCIATION,4401 MUNCASTER MILL RD,,ROCKVILLE,20853,05/03/2023,No Critical Violations Noted,Pre-Opening - Environmental,KOREAN AMERICAN SENIOR CITIZENS ASSOCIATION INC,Restaurant,Food,39.112,-77.0861,POINT (-77.0861 39.112)
18556,MOHICAN POOL SNACK BAR,7117 MACARTHUR BLVD.,,BETHESDA,20816,05/02/2023,No Critical Violations Noted,Pre-Opening - Environmental,MOHICAN POOL,Snack Bar,Food,38.96,-77.131,POINT (-77.131 38.96)
53775,KPOT KOREAN BBQ & HOT POT,19727 FREDERICK RD,UNIT 1337,GERMANTOWN,20876,05/02/2023,No Critical Violations Noted,Pre-Opening - Environmental,KHP GERMANTOWN LLC,Restaurant,Food,39.1789,-77.2359,POINT (-77.2359 39.1789)
53788,DOWNTOWN BREW'S,5751 FISHERS LANE,,ROCKVILLE,20851,05/01/2023,No Critical Violations Noted,Pre-Opening - Environmental,DOWNTOWN BREWS INVESTMENRS LLC,Market,Food,39.0632,-77.1177,POINT (-77.1177 39.0632)
28927,PALISADES SWIMMING POOL ASSN INC,6918 SEVEN LOCKS RD,,CABIN JOHN,20818,05/01/2023,No Critical Violations Noted,Pre-Opening - Environmental,NEXKIM INC,Seasonal,Food,38.9791,-77.1629,POINT (-77.1629 38.9791)
17367,CALIFORNIA TORTILLA-POTOMAC,7727 TUCKERMAN LN.,,POTOMAC,20854,05/01/2023,Critical Violations Corrected,Pre-Opening - Environmental,"C. T. POTOMAC, LLC",Restaurant,Food,39.0402,-77.1557,POINT (-77.1557 39.0402)
53794,CAPO DELI,7731 TUCKERMAN LANE,,POTOMAC,20854,04/28/2023,No Critical Violations Noted,Pre-Opening - Environmental,LAUREN LANE LLC DBA CAPO DELI,Restaurant,Food,39.0404,-77.1556,POINT (-77.1556 39.0404)
53787,ORIGINS BBQ & GRILL,3427 OLNEY-LAYTONSVILLE RD,,OLNEY,20832,04/25/2023,No Critical Violations Noted,Pre-Opening - Environmental,ORIGINS BBQ AND GRILL LLC,Caterer,Food,39.1707,-77.1606,POINT (-77.1606 39.1707)
53703,CRAVE CAFE,1200 EAST WEST HWY,,SILVER SPRING,20910,04/20/2023,No Critical Violations Noted,Pre-Opening - Environmental,MILTON COLQUEHOUN,Market,Food,38.9904,-77.0299,POINT (-77.0299 38.9904)
48188,DYNAMIC SCULPT SMOOTHIE BAR,11010 VEIRS MILL RD,,SILVER SPRING,20902,04/20/2023,No Critical Violations Noted,Pre-Opening - Environmental,DYNAMIC SCULPT SMOOTHIE BAR LLC,Market,Food,39.0377,-77.0527,POINT (-77.0527 39.0377)
53772,KOBE JAPAN HIBACHI & SUSHI,19224 MONTGOMERY VILLAGE AVE,,MONTGOMERY VILLAGE,20886,04/20/2023,No Critical Violations Noted,Pre-Opening - Environmental,BA XIAN JU HUI INC,Restaurant,Food,39.1724,-77.2051,POINT (-77.2051 39.1724)
53781,RAY'S CATERING @ SPENCERVILLE ACADEMY,2502 SPENCERVILLE RD,,SPENCERVILLE,20868,04/19/2023,No Critical Violations Noted,Pre-Opening - Environmental,GEORGE SUGGS/ RAYS CATERING,Restaurant,Food,39.1169,-76.9581,POINT (-76.9581 39.1169)
53773,LITTLE ACORN PHARMACY,"11161 NEW HAMPSHIRE AVE ,STE 110",,SILVER SPRING,20904,04/18/2023,No Critical Violations Noted,Pre-Opening - Environmental,LITTLE ACORN PHARMACY LLC,Market,Food,39.0395,-76.9893,POINT (-76.9893 39.0395)
53723,BASKIN ROBBINS,1079 SEVEN LOCKS RD,,POTOMAC,20854,04/18/2023,No Critical Violations Noted,Pre-Opening - Environmental,SHABAZ AULAKH/DAANISH INC,Market,Food,39.0618,-77.1596,POINT (-77.1596 39.0618)
52624,RASA,12033 ROCKVILLE PIKE,,ROCKVILLE,20852,04/18/2023,No Critical Violations Noted,Pre-Opening - Environmental,RASA ROCKVILLE LLC,Restaurant,Food,39.055,-77.1174,POINT (-77.1174 39.055)
1042,GIANT FOOD #0106,7919 TUCKERMAN LN.,,ROCKVILLE,20854,04/13/2023,Critical Violations Corrected,Pre-Opening - Environmental,"GIANT OF MARYLAND, LLC",Market,Food,39.0409,-77.1563,POINT (-77.1563 39.0409)
45649,ADULIS STORE,7825 EASTERN AVE,,SILVER SPRING,20910,04/12/2023,No Critical Violations Noted,Pre-Opening - Environmental,ADULIS ENTERPRISES LLC/DINBERU MELAKEHIWOT,Market,Food,38.9853,-77.0272,POINT (-77.0272 38.9853)
43361,SHAKE SHACK # 1366,195 KENTLANDS  BLVD,,GAITHERSBURG,20878,04/12/2023,No Critical Violations Noted,Pre-Opening - Environmental,SHAKE SHACK MARYLAND LLC,Restaurant,Food,39.1235,-77.2362,POINT (-77.2362 39.1235)
17167,ALBERT EINSTEIN HIGH SCHOOL CONCESSION STAND,11138 NEWPORT MILL RD.,,KENSINGTON,20895,04/12/2023,Critical Violations Corrected,Pre-Opening - Environmental,ALBERT EINSTEIN HIGH SCHOOL,Snack Bar,Food,39.0395,-77.0671,POINT (-77.0671 39.0395)
52689,MODENA RESERVE AT KENSINGTON COFFEE SHOP,10540 METROPOLITAN DR,,KENSINGTON,20895,04/11/2023,No Critical Violations Noted,Pre-Opening - Environmental,SHI-III SOLERA KENSINGTON OWNER LLC,Market,Food,39.0281,-77.0731,POINT (-77.0731 39.0281)
38319,CITIZENS,8113 GEORGIA AVE.,,SILVER SPRING,20910,04/10/2023,No Critical Violations Noted,Pre-Opening - Environmental,CITIZENS INC,Restaurant,Food,38.9909,-77.0261,POINT (-77.0261 38.9909)
52655,TAKOREAN - KOREAN TACO GRILL,261 KENTLANDS BLVD,,GAITHERSBURG,20878,04/06/2023,Critical Violations Corrected,Pre-Opening - Environmental,TAKOREAN KENTLANDS LLC,Restaurant,Food,39.1247,-77.2392,POINT (-77.2392 39.1247)
53745,PHAMOUS SAUCE COMPANY,220 GIRARD ST,STE B,GAITHERSBURG,20877,04/06/2023,No Critical Violations Noted,Pre-Opening - Environmental,JASON PHAM / PHAMOUS SAUCE COMPANY LLC,Caterer,Food,39.1419,-77.1835,POINT (-77.1835 39.1419)
2695,WOODMONT COUNTRY CLUB,1201 ROCKVILLE PK,,ROCKVILLE,20852,04/03/2023,No Critical Violations Noted,Pre-Opening - Environmental,WOODMONT COUNTRY CLUB,Restaurant,Food,39.0649,-77.1402,POINT (-77.1402 39.0649)
51480,ANTOJITOS SANTA ELENA WHEATON,2610 UNIVERSITY BLVD W.,,SILVER SPRING,20902,03/29/2023,No Critical Violations Noted,Pre-Opening - Environmental,ANTOJITOS SANTA ELENA WHEATON LLC,Restaurant,Food,39.0409,-77.0533,POINT (-77.0533 39.0409)
52657,JOLLY YOLLY KIDS,7101 DEMOCRACY BLVD SPACE 1530,,BETHESDA,20817,03/29/2023,No Critical Violations Noted,Pre-Opening - Environmental,JOLLY YOLLY KIDS BETHESDA LLC,Market,Food,39.0243,-77.146,POINT (-77.146 39.0243)
52603,ROCK SOLID REBOOT JUICE,11416 ROCKVILLE PIKE,STE A,ROCKVILLE,20852,03/24/2023,No Critical Violations Noted,Pre-Opening - Environmental,ROCK SOLID REBOOT JUICE #2 INC,Restaurant,Food,39.043,-77.1113,POINT (-77.1113 39.043)
52636,MASTIHA ARTISAN GREEK BAKERY,2387 LEWIS AVE,,ROCKVILLE,20851,03/20/2023,No Critical Violations Noted,Pre-Opening - Environmental,KATERINA V GEORGALLAS,Market,Food,39.0638,-77.1216,POINT (-77.1216 39.0638)
45580,ZINNIA,9201 COLESVILLE RD.,,SILVER SPRING,20910,03/16/2023,No Critical Violations Noted,Pre-Opening - Environmental,MILLS GROUP LLC,Restaurant,Food,39.0054,-77.0223,POINT (-77.0223 39.0054)
17416,ARGYLE C. C. POOL SNACK BAR,14600 ARGYLE CLUB RD.,,SILVER SPRING,20906,03/16/2023,No Critical Violations Noted,Pre-Opening - Environmental,ARGYLE LAND COMPANY INC,Snack Bar,Food,39.0965,-77.0485,POINT (-77.0485 39.0965)
53721,DAMSO KOREAN BBQ,1321 ROCKVILLE PIKE,UNIT C,ROCKVILLE,20852,03/15/2023,No Critical Violations Noted,Pre-Opening - Environmental,B&K ENTERPRISE INC,Restaurant,Food,39.0685,-77.1304,POINT (-77.1304 39.0685)
47091,MILK & HONEY CAFE,9326 GEORGIA AVE.,,SILVER SPRING,20910,03/14/2023,No Critical Violations Noted,Pre-Opening - Environmental,WILLIE Ts  LOBSTER SHACK LLC,Restaurant,Food,39.008,-77.0404,POINT (-77.0404 39.008)
52680,SUNRISE FOOD PRODUCTIONS INTERNATIONALS,2341 DISTRIBUTION CIR,,SILVER SPRING,20910,03/13/2023,No Critical Violations Noted,Pre-Opening - Environmental,ASIATU BAH,Market,Food,39.0073,-77.0497,POINT (-77.0497 39.0073)
52688,QUICKWAY JAPANESE HIBACHI,10042 DARNESTOWN RD,UNIT 2,ROCKVILLE,20850,03/10/2023,No Critical Violations Noted,Pre-Opening - Environmental,QW TRAVILAH SQUARE INC,Market,Food,39.0967,-77.2065,POINT (-77.2065 39.0967)
52687,VIRSA KITCHEN,7845 - D AIRPARK RD,,GAITHERSBURG,20879,03/09/2023,No Critical Violations Noted,Pre-Opening - Environmental,SANA ASHRAF/ VIRSA KITCHEN,Caterer,Food,39.1707,-77.1606,POINT (-77.1606 39.1707)
53698,SANDY SPRING MART,905 SANDY SPRING RD,,SANDY SPRING,20860,03/08/2023,No Critical Violations Noted,Pre-Opening - Environmental,RAHEL BELACHEW,Market,Food,39.1499,-77.0271,POINT (-77.0271 39.1499)
51490,CHIPOTLE MEXICAN GRILL,13801 OUTLET DR,,SILVER SPRING,20904,03/07/2023,No Critical Violations Noted,Pre-Opening - Environmental,CHIPOTLE MEXICAN GRILL OF COLOARADO LLC,Restaurant,Food,39.0822,-76.9468,POINT (-76.9468 39.0822)
52696,WALIMART HALAL MARKET,2539 ENNALLS AVE,,SILVER SPRING,20902,03/07/2023,No Critical Violations Noted,Pre-Opening - Environmental,AHMADYAR HIMMAT,Market,Food,39.0402,-77.0539,POINT (-77.0539 39.0402)
35772,SUNRISE AT MONTGOMERY VILLAGE,19310 CLUB HOUSE RD.,,MONTGOMERY VILLAGE,20886,03/02/2023,No Critical Violations Noted,Pre-Opening - Environmental,WELLTOWER OPCO GROUP LLC,Assisted Living,Food,39.1737,-77.2027,POINT (-77.2027 39.1737)
51563,LUM THAI RESTAURANT,806 MUDDY BRANCH RD,,GAITHERSBURG,20878,02/23/2023,No Critical Violations Noted,Pre-Opening - Environmental,LUMTHIA LLC,Restaurant,Food,39.1138,-77.2169,POINT (-77.2169 39.1138)
52594,EERKINS UYGHUR CUISINE,6 N WASHINGTON STEET,,ROCKVILLE,20850,02/21/2023,No Critical Violations Noted,Pre-Opening - Environmental,EERKINS US INC,Restaurant,Food,38.0846,-77.1534,POINT (-77.1534 38.0846)
52644,SESTOLA PASTA,7811 AIRPARK RD,,GAITHERSBURG,20879,02/21/2023,No Critical Violations Noted,Pre-Opening - Environmental,SESTOLA PASTA LLC,Caterer,Food,39.1305,-77.1765,POINT (-77.1765 39.1305)
52663,ASIAN CUISINE AND SEAFOOD,8035  SNOUFFER SCHOOL RD.,,GAITHERSBURG,20879,02/17/2023,No Critical Violations Noted,Pre-Opening - Environmental,PEIZHOU ZHENG,Carry Out,Food,39.1611,-77.1629,POINT (-77.1629 39.1611)
52669,ED STUDIO,"360 MAIN ST, STE 100",,GAITHERSBURG,20878,02/16/2023,No Critical Violations Noted,Pre-Opening - Environmental,EDSTUDIO LLC,Restaurant,Food,39.1213,-77.2373,POINT (-77.2373 39.1213)
2615,WASHINGTON-ROCKVILLE ELKS #15,5 TAFT CT,,ROCKVILLE,20850,02/16/2023,No Critical Violations Noted,Pre-Opening - Environmental,B.P.O.E. #15,Non-Profit,Food,39.0958,-77.1304,POINT (-77.1304 39.0958)
52667,VARIEDADES MAGANAS,11248 TRIANGLE LANE,,SILVER SPRING,20902,02/16/2023,No Critical Violations Noted,Pre-Opening - Environmental,NORA E MAGGNA/VARIEDADES MAGANAS LLC,Market,Food,39.04,-77.0518,POINT (-77.0518 39.04)
52650,COOKWITHNK,7845 AIRPARK RD,,GAITHERSBURG,20879,02/16/2023,No Critical Violations Noted,Pre-Opening - Environmental,COOKWITHNK,Caterer,Food,39.1748,-77.1588,POINT (-77.1588 39.1748)
52600,ISAAC'S POULTRY MARKET,12163 DARNESTOWN RD,,GAITHERSBURG,20878,02/15/2023,No Critical Violations Noted,Pre-Opening - Environmental,IPM 001 LLC,Restaurant,Food,39.1186,-77.2511,POINT (-77.2511 39.1186)
52682,PIZZA HUT,842 B ROCKVILLE PIKE,,ROCKVILLE,20852,02/15/2023,No Critical Violations Noted,Pre-Opening - Environmental,LUIS IBARGUENGOYTIA /CHAAAC PIZZA NORTHEAST LLC,Restaurant,Food,39.0761,-77.1369,POINT (-77.1369 39.0761)
35777,THE WOODS ACADEMY,6801 GREENTREE RD,,BETHESDA,20817,02/14/2023,No Critical Violations Noted,Pre-Opening - Environmental,OUR LADY OF THE WOODS CORP,Private School,Food,39.0086,-77.1383,POINT (-77.1383 39.0086)
52621,RISE,16248 FREDERICK RD,,GAITHERSBURG,20877,02/14/2023,No Critical Violations Noted,Pre-Opening - Environmental,RBGD GAITHERSBURG LLC,Restaurant,Food,39.1219,-77.1775,POINT (-77.1775 39.1219)
52683,RAKUGAKI,10223 OLD GEORGETOWN RD,,BETHESDA,20814,02/13/2023,No Critical Violations Noted,Pre-Opening - Environmental,OG3 LLC,Restaurant,Food,39.0238,-77.1232,POINT (-77.1232 39.0238)
52643,THE ORGANIC BUTCHER,7925 OLD GEORGETOWN RD,,BETHESDA,20814,02/10/2023,No Critical Violations Noted,Pre-Opening - Environmental,DON RODEN/THE ORGANIC CUTCHER OF BETHESDA LLC,Restaurant,Food,38.9891,-77.1007,POINT (-77.1007 38.9891)
52659,AFRICAN INTERNATIONAL MARKET,289 MUDDY BRANCH RD,,GAITHERSBURG,20878,02/09/2023,No Critical Violations Noted,Pre-Opening - Environmental,COMFORT OFORIWAA YIRENKYI,Market,Food,39.1269,-77.2076,POINT (-77.2076 39.1269)
50291,DOLLAR TREE #09162,2321 UNIVERSITY BLVD W,,SILVER SPRING,20902,02/09/2023,No Critical Violations Noted,Pre-Opening - Environmental,DOLLAR TREE STORES INC,Market,Food,39.0422,-77.0499,POINT (-77.0499 39.0422)
52606,FLANCAKE BY GABY,2341 DISTRIBUTION CIR,,SILVER SPRING,20901,02/09/2023,No Critical Violations Noted,Pre-Opening - Environmental,GABRIELA ARGOTI-FERNANDEZ,Caterer,Food,39.0073,-77.0497,POINT (-77.0497 39.0073)
52649,FIESTA BEER AND WINE,+ 6543TJU,,TAKOMA PARK,20912,02/07/2023,No Critical Violations Noted,Pre-Opening - Environmental,HIREN VORA,Market,Food,38.9872,-76.9857,POINT (-76.9857 38.9872)
52625,JERSEY MIKES SUBS,13878 GEORGIA AVE,,SILVER SPRING,20906,02/02/2023,No Critical Violations Noted,Pre-Opening - Environmental,GMJM LLC,Restaurant,Food,39.0821,-77.0778,POINT (-77.0778 39.0821)
52604,BOO BOO PHO,19230 MONTGOMERY VILLAGE AVE,,MONTGOMERY VILLAGE,20866,01/31/2023,No Critical Violations Noted,Pre-Opening - Environmental,BOOBOOPHO LLC,Restaurant,Food,39.1725,-77.2052,POINT (-77.2052 39.1725)
2699,WOODMOOR SUPERMARKET,10129 COLESVILLE RD.,,SILVER SPRING,20901,01/31/2023,No Critical Violations Noted,Pre-Opening - Environmental,CHAI MARKET INC,Market,Food,39.0208,-77.0119,POINT (-77.0119 39.0208)
50340,LILCAKES AND CREAMERY,844 ROCKVILLE PIKE,,ROCKVILLE,20852,01/27/2023,No Critical Violations Noted,Pre-Opening - Environmental,MOHAMMAD NADDEM,Restaurant,Food,39.0757,-77.1367,POINT (-77.1367 39.0757)
51428,VIM & VICTOR WELLNESS AT THE ST. JAMES,6828 WISCONSIN AVE,,CHEVY CHASE,20815,01/25/2023,No Critical Violations Noted,Pre-Opening - Environmental,TSJ BETHESA PROPERTY LLC,Market,Food,38.9784,-77.0917,POINT (-77.0917 38.9784)
52627,LAPERAUX - THE JOURNEYMANCHEF'S FRENCH BISTRO,18056 MATENY RD,,GERMANTOWN,20874,01/23/2023,No Critical Violations Noted,Pre-Opening - Environmental,LAPERAUX LLC,Restaurant,Food,39.1485,-77.2735,POINT (-77.2735 39.1485)
52615,ETHIO BLACK LION CAFE,8240 FENTON STREET,,SILVER SPRING,20910,01/20/2023,No Critical Violations Noted,Pre-Opening - Environmental,BLACK LION CAFE LLC,Restaurant,Food,38.9927,-77.0245,POINT (-77.0245 38.9927)
51437,JOLLOFF ETCETERA,11237 NEW HAMPSHIRE AVE,,SILVER SPRING,20904,01/19/2023,Critical Violations Corrected,Pre-Opening - Environmental,OBI ONUOHA,Restaurant,Food,39.0413,-76.9882,POINT (-76.9882 39.0413)
51481,HISSHO SUSHI @ GIANT FOOD #106,7919 TUCKERMAN LANE,,POTOMAC,20854,01/19/2023,No Critical Violations Noted,Pre-Opening - Environmental,LWIN FAMILY COMPANY LLC,Market,Food,39.0409,-77.1565,POINT (-77.1565 39.0409)
20502,SWEETGREEN,4831 BETHESDA AVE,,BETHESDA,20814,01/19/2023,No Critical Violations Noted,Pre-Opening - Environmental,SWEETGREEN MARYLAND LLC,Market,Food,38.9811,-77.097,POINT (-77.097 38.9811)
52582,SIP & DEVELOP,8501 FENTON ST,,SILVER SPRING,20910,01/11/2023,No Critical Violations Noted,Pre-Opening - Environmental,RASHON ROBINSON,Market,Food,38.996,-77.0244,POINT (-77.0244 38.996)
52580,SKY BLUE LOUNGE,8081 B & 8081-C GEORGIA AVE,,SILVER SPRING,20910,01/09/2023,No Critical Violations Noted,Pre-Opening - Environmental,NKONGCHU JULIUS N,Restaurant,Food,38.99,-77.0262,POINT (-77.0262 38.99)
50300,BENTO SUSHI,7750 WISCONSIN AVE,,BETHESDA,20814,01/06/2023,No Critical Violations Noted,Pre-Opening - Environmental,BENTO NOUVEAU INC,Restaurant,Food,38.9876,-77.0954,POINT (-77.0954 38.9876)
52584,STONE BAKERY,1327-G ROCKVILLE PIKE,,ROCKVILLE,20852,01/04/2023,No Critical Violations Noted,Pre-Opening - Environmental,MOHAMMAD KHAZAEI,Market,Food,39.0683,-77.1302,POINT (-77.1302 39.0683)
45702,SELAM ETHIO MARKET,14436 LAYHILL RD,,SILVER SPRING,20906,01/04/2023,No Critical Violations Noted,Pre-Opening - Environmental,SELAMANIT DEBELA,Market,Food,39.093,-77.0459,POINT (-77.0459 39.093)
41291,WENDY'S #6527,15807 FREDERICK ROAD,,ROCKVILLE,20855,01/04/2023,No Critical Violations Noted,Pre-Opening - Environmental,WENDY CENTRAL MARYLAND LLC,Restaurant,Food,39.1151,-77.1644,POINT (-77.1644 39.1151)
51542,CROSSROADS TEAHOUSE,8814 BROOKVILLE RD,,SILVER SPRING,20910,01/04/2023,No Critical Violations Noted,Pre-Opening - Environmental,MAX HERNANDEZ/CROSSROAD TEAHOUSE,Caterer,Food,39.0055,-77.0552,POINT (-77.0552 39.0055)
51531,KUNG FU TEA,3128 OLNEY SANDY SPRING RD,,OLNEY,20832,12/29/2022,No Critical Violations Noted,Pre-Opening - Environmental,KFT OLNEY INC,Market,Food,39.1511,-77.0643,POINT (-77.0643 39.1511)
51512,HICKORY FARMS #10179,13052 MIDDLEBROOK RD,,GERMANTOWN,20874,12/23/2022,No Critical Violations Noted,Pre-Opening - Environmental,HICKORY FARMS LLC,Market,Food,39.1818,-77.2716,POINT (-77.2716 39.1818)
51519,DUNKIN' DONUTS,14328 LAYHILL RD,,SILVER SPRING,20906,12/21/2022,No Critical Violations Noted,Pre-Opening - Environmental,LAYHILL DONUTS LLC,Market,Food,39.0914,-77.0459,POINT (-77.0459 39.0914)
51533,LOVE AND FLOUR BAKERY,8202 PINEY BRANCH RD,,SILVER SPRING,20910,12/19/2022,No Critical Violations Noted,Pre-Opening - Environmental,LOVE AND FLOUR BAKERY,Market,Food,38.9931,-77.0097,POINT (-77.0097 38.9931)
51541,MIRABEAU,5751 FISHERS LANE,STE C,ROCKVILLE,20850,12/15/2022,No Critical Violations Noted,Pre-Opening - Environmental,EHONG LLC,Restaurant,Food,39.0632,-77.1177,POINT (-77.1177 39.0632)
51543,PIZZA HUT,18070 MATENY RD,,GERMANTOWN,20874,12/15/2022,Critical Violations Corrected,Pre-Opening - Environmental,CHAAC PIZZA NORTHEAST LLC,Restaurant,Food,39.1473,-77.2727,POINT (-77.2727 39.1473)
51478,SWEETGREEN,299 COPLEY PLACE,STE D100,GAITHERSBURG,20878,12/15/2022,No Critical Violations Noted,Pre-Opening - Environmental,SWEETGREEN MARYLAND LLC,Restaurant,Food,39.1153,-77.2067,POINT (-77.2067 39.1153)
51442,RICO'S ICE CREAM,11160 VEIRS MILL RD,,SILVER SPRING,20902,12/13/2022,No Critical Violations Noted,Pre-Opening - Environmental,RICOS ICE CREAM LLC,Restaurant,Food,39.037,-77.0539,POINT (-77.0539 39.037)
1748,NEGRIL,965 THAYER AVE.,,SILVER SPRING,20910,12/12/2022,No Critical Violations Noted,Pre-Opening - Environmental,"NEGRIL EATERY, INC.",Restaurant,Food,38.9931,-77.026,POINT (-77.026 38.9931)
51522,DELHI SPICE,4925 BETHESDA AVE,,BETHESDA,20814,12/10/2022,No Critical Violations Noted,Pre-Opening - Environmental,MATSYA LLC,Restaurant,Food,38.981,-77.0994,POINT (-77.0994 38.981)
51534,SUSHI LEGEND CAJUN SEAFOOD & BAR,19961 CENTURY BLVD,,GERMANTOWN,20874,12/09/2022,No Critical Violations Noted,Pre-Opening - Environmental,SUSHI LEGEND INC,Restaurant,Food,39.1836,-77.2618,POINT (-77.2618 39.1836)
29635,EAST GRILL KARAOKE #1,12 N WASHINGTON ST,STE 7-G,ROCKVILLE,20850,12/06/2022,No Critical Violations Noted,Pre-Opening - Environmental,HONG REN,Restaurant,Food,39.0847,-77.1534,POINT (-77.1534 39.0847)
51508,ADONNI'S DESSERTS,7101 DEMOCRACY BLVD,#2154,BETHESDA,20817,11/30/2022,No Critical Violations Noted,Pre-Opening - Environmental,TARAINE GROUP,Market,Food,39.0243,-77.146,POINT (-77.146 39.0243)
47026,THAT SMOOTHIE PLACE,9815 MAIN STREET,STE 106,DAMASCUS,20872,11/30/2022,No Critical Violations Noted,Pre-Opening - Environmental,MONIQUE SOTOMARINO/ THAT SMOOTHIE PLACE INC,Market,Food,39.289,-77.2026,POINT (-77.2026 39.289)
51468,FRYER'S ROADSIDE,12830 NEW HAMPSHIRE AVE,,SILVER SPRING,20904,11/29/2022,No Critical Violations Noted,Pre-Opening - Environmental,FRYERS ROADSIDE LLC,Restaurant,Food,39.0657,-77.0009,POINT (-77.0009 39.0657)
51500,LA CATRINA LOUNGE,4935 CORDELL AVE,,BETHESDA,20814,11/22/2022,No Critical Violations Noted,Pre-Opening - Environmental,LA CATRINA LOUNGE INC,Restaurant,Food,38.9887,-77.0992,POINT (-77.0992 38.9887)
51502,HULU SKEWER HOUSE,"1488-B ROCKVILLE PIKE,",,ROCKVILLE,20852,11/21/2022,No Critical Violations Noted,Pre-Opening - Environmental,INVSIGHT GROUP LLC,Restaurant,Food,39.0659,-77.1261,POINT (-77.1261 39.0659)
51501,HANGRY JOE HOT CHICKEN,718 B ROCKVILLE PIKE,,ROCKVILLE,20852,11/16/2022,No Critical Violations Noted,Pre-Opening - Environmental,YONG KIM/ HANGRY JOE HOT CHICKEN,Restaurant,Food,39.0796,-77.1417,POINT (-77.1417 39.0796)
51492,THE BREAKFAST CLUB,8240 FENTON STREET,,SILVER SPRING,20910,11/09/2022,No Critical Violations Noted,Pre-Opening - Environmental,EAT 2 LIVE LLC,Restaurant,Food,38.9926,-77.0244,POINT (-77.0244 38.9926)
51466,CLEAR SKIES MEADERY,15201 DISPLAY CT,,ROCKVILLE,20850,11/09/2022,No Critical Violations Noted,Pre-Opening - Environmental,R & H EIGNER LLC,Restaurant,Food,39.1046,-77.1469,POINT (-77.1469 39.1046)
49267,CAVA,19865 CENTURY BLVD,STE F,GERMANTOWN,20874,11/08/2022,No Critical Violations Noted,Pre-Opening - Environmental,CAVA MEZZE GRILL LLC,Restaurant,Food,39.1824,-77.2642,POINT (-77.2642 39.1824)
17441,TARGET T-1415,11160 VEIRS MILL RD,,WHEATON,20902,11/04/2022,Critical Violations Corrected,Pre-Opening - Environmental,TARGET CORPORATION,,Food,39.0373,-77.054,POINT (-77.054 39.0373)
20241,SEE'S CANDIES HOLIDAY GIFT CENTER,7101 DEMOCRACY BLVD,,BETHESDA,20817,11/03/2022,No Critical Violations Noted,Pre-Opening - Environmental,"SEE'S CANDIES, INC",Seasonal,Food,39.0233,-77.1486,POINT (-77.1486 39.0233)
50366,FIREPAN KOREAN BBQ,962 WAYNE AVE,L-B,SILVER SPRING,20910,10/26/2022,No Critical Violations Noted,Pre-Opening - Environmental,FIREPAN KBBQ SILVER SPRING LLC,Restaurant,Food,38.9942,-77.0259,POINT (-77.0259 38.9942)
50390,FOXTROT,7762 WOODMONT AVE,,BETHESDA,20814,10/21/2022,No Critical Violations Noted,Pre-Opening - Environmental,FOXTROT RETAIL DC LLC,Restaurant,Food,38.9879,-77.0963,POINT (-77.0963 38.9879)
51450,COOKIE YAY,310 TULIP AVE,,TAKOMA PARK,20912,10/20/2022,No Critical Violations Noted,Pre-Opening - Environmental,TAKOMA PARK SILVER SPRING COMM KITCHEN,Caterer,Food,38.9769,-77.0125,POINT (-77.0125 38.9769)
51420,APNA PIZZA,14050 B TRAVILAH RD,,ROCKVILLE,20850,10/20/2022,No Critical Violations Noted,Pre-Opening - Environmental,APNA PIZZA LLC,Restaurant,Food,39.0853,-77.2254,POINT (-77.2254 39.0853)
51452,THOMAS THYME,310 TULIP AVE,,TAKOMA PARK,20912,10/20/2022,No Critical Violations Noted,Pre-Opening - Environmental,THOMAS THYME LLC,Caterer,Food,38.9769,-77.0125,POINT (-77.0125 38.9769)
51445,SWEET PEA FARM,310 TULIP AVE,,TAKOMA PARK,20912,10/20/2022,No Critical Violations Noted,Pre-Opening - Environmental,SWEET PEA FARM LLC,Caterer,Food,38.9769,-77.0125,POINT (-77.0125 38.9769)
46759,EASTERN ADULT DAY CARE,"630 EAST DIAMOND AVE, STE F",,GAITHERSBURG,20877,10/18/2022,Critical Violations Corrected,Pre-Opening - Environmental,ZHEJIANG DONRONG NORTH AMERICA LLC,Assisted Living,Food,39.141,-77.1808,POINT (-77.1808 39.141)
50332,DISTRICT FALAFEL,10315 WESTLAKE TER,,BETHESDA,20817,10/18/2022,No Critical Violations Noted,Pre-Opening - Environmental,DISCOVERY FOOD GROUP,Restaurant,Food,39.0256,-77.1475,POINT (-77.1475 39.0256)
51425,BUTTER QUEEN BAKERY,310 TULIP AVE,,TAKOMA PARK,20912,10/17/2022,No Critical Violations Noted,Pre-Opening - Environmental,BUTTERQUEEN BAKERY,Caterer,Food,38.9769,-77.0125,POINT (-77.0125 38.9769)
48247,GREEK AROMA,7101 DEMOCRACY BLVD,FC7,BETHESDA,20817,10/13/2022,No Critical Violations Noted,Pre-Opening - Environmental,WORLD GASTRONOMY LLC,Market,Food,39.0243,-77.146,POINT (-77.146 39.0243)
17269,GUATEMALTECA BAKERY,207 EAST DIAMOND AVE.,,GAITHERSBURG,20877,10/10/2022,No Critical Violations Noted,Pre-Opening - Environmental,GUATEMALTECA BAKERY INC,Market,Food,39.1419,-77.1945,POINT (-77.1945 39.1419)
46852,AMC MONTGOMERY 16,7101 DEMOCRACY BLVD,,BETHESDA,20817,10/05/2022,No Critical Violations Noted,Pre-Opening - Environmental,AMC OF MARYLAND LLC,Market,Food,39.0221,-77.1471,POINT (-77.1471 39.0221)
50289,PAMA THAI,12525 B-PARK POTOMAC AVE,,POTOMAC,20854,10/05/2022,No Critical Violations Noted,Pre-Opening - Environmental,CHUCHART KAMPIRAPANG - PAMA LLC,Restaurant,Food,39.0616,-77.1574,POINT (-77.1574 39.0616)
